bloque,fecha,region,sucursal,mes_num,mes_nombre,n_creditos,capital,pagado,saldo_riesgo,cosecha
B1,2026-01-05,Bajío Occidente,Fresnillo,1,Enero,1,81200.53,0.0,0.0,1.0
B1,2026-01-05,Bajío Occidente,Fresnillo,7,Julio,23,1772653.35,1539808.25,232881.37,0.8686460045896734
B1,2026-01-05,Bajío Occidente,Fresnillo,8,Agosto,31,2742798.3599999994,2195519.35,547293.24,0.8004669180274704
B1,2026-01-05,Bajío Occidente,Fresnillo,9,Septiembre,25,1952873.96,1466378.85,336516.92,0.8276925408949588
B1,2026-01-05,Bajío Occidente,Fresnillo,10,Octubre,30,2150833.93,1154165.68,446341.04,0.7924837274628634
B1,2026-01-05,Bajío Occidente,Fresnillo,11,Noviembre,20,2048947.3599999999,681270.74,258949.54,0.8736182563518861
B1,2026-01-05,Bajío Occidente,Fresnillo,12,Diciembre,16,1870547.83,261826.4,0.0,1.0
B1,2026-01-05,Bajío Occidente,Guadalajara,7,Julio,12,1481231.9999999998,1221160.52,264292.67,0.8244221836957345
B1,2026-01-05,Bajío Occidente,Guadalajara,8,Agosto,12,2393678.4,2170526.5700000003,223182.13999999998,0.9067745149055948
B1,2026-01-05,Bajío Occidente,Guadalajara,9,Septiembre,23,3077419.99,2857520.38,63746.92999999999,0.9794540686011465
B1,2026-01-05,Bajío Occidente,Guadalajara,10,Octubre,28,2834081.24,1357145.84,717309.8600000001,0.7468986245433105
B1,2026-01-05,Bajío Occidente,Guadalajara,11,Noviembre,21,3433871.9899999998,1280224.0,226440.45,0.9340568167190181
B1,2026-01-05,Bajío Occidente,Guadalajara,12,Diciembre,20,2694253.3100000005,379818.0,0.0,1.0
B1,2026-01-05,Bajío Occidente,Irapuato,7,Julio,21,1914868.58,1690559.2199999997,224323.10000000003,0.8828591359517736
B1,2026-01-05,Bajío Occidente,Irapuato,8,Agosto,23,1950582.25,1758162.85,156454.84,0.9198342905047967
B1,2026-01-05,Bajío Occidente,Irapuato,9,Septiembre,31,2196772.38,1867666.3999999997,51006.54,0.976797659846761
B1,2026-01-05,Bajío Occidente,Irapuato,10,Octubre,31,1921394.94,1286089.07,50554.49,0.9736886524745402
B1,2026-01-05,Bajío Occidente,Irapuato,11,Noviembre,24,2421524.9299999997,916405.8,0.0,1.0
B1,2026-01-05,Bajío Occidente,Irapuato,12,Diciembre,32,2890920.15,342795.62,0.0,1.0
B1,2026-01-05,Bajío Occidente,Morelia,7,Julio,25,1845134.45,1645545.58,199591.53999999998,0.8918296333364759
B1,2026-01-05,Bajío Occidente,Morelia,8,Agosto,30,2308393.67,2003869.02,265612.54,0.8849526172890606
B1,2026-01-05,Bajío Occidente,Morelia,9,Septiembre,28,1906061.9699999997,1354173.1,283827.79,0.851099914658074
B1,2026-01-05,Bajío Occidente,Morelia,10,Octubre,24,1827155.3800000001,915834.0,175041.62,0.9041999263357668
B1,2026-01-05,Bajío Occidente,Morelia,11,Noviembre,22,1865061.9100000001,449027.0,279952.44,0.8498964358775628
B1,2026-01-05,Bajío Occidente,Morelia,12,Diciembre,13,1484903.74,157882.0,0.0,1.0
B1,2026-01-05,Centro,Pachuca,7,Julio,11,692647.56,560980.5800000001,131668.44999999998,0.8099076823428065
B1,2026-01-05,Centro,Pachuca,8,Agosto,14,783428.9499999998,616198.96,156025.91,0.8010302529667815
B1,2026-01-05,Centro,Pachuca,9,Septiembre,11,910549.0099999999,776404.96,68154.16,0.9251660599795721
B1,2026-01-05,Centro,Pachuca,10,Octubre,8,569145.01,292167.0,128475.61000000002,0.7742655953357125
B1,2026-01-05,Centro,Pachuca,11,Noviembre,7,480224.05000000005,176230.0,94767.5,0.8026598209731476
B1,2026-01-05,Centro,Pachuca,12,Diciembre,5,415770.56,29144.0,0.0,1.0
B1,2026-01-05,Centro,San Juan del Río,1,Enero,1,58755.73,0.0,0.0,1.0
B1,2026-01-05,Centro,San Juan del Río,7,Julio,15,1464806.72,1309059.2500000002,160074.36,0.8936737059753525
B1,2026-01-05,Centro,San Juan del Río,8,Agosto,24,2070398.57,1725577.62,330998.81,0.8401571780451915
B1,2026-01-05,Centro,San Juan del Río,9,Septiembre,15,1619334.8800000001,1322684.1400000001,197479.94,0.87806100366343
B1,2026-01-05,Centro,San Juan del Río,10,Octubre,20,1844998.97,1000240.05,248900.53000000003,0.8650945967736773
B1,2026-01-05,Centro,San Juan del Río,11,Noviembre,19,1648403.1299999997,524919.0,9128.99,0.9944619190331192
B1,2026-01-05,Centro,San Juan del Río,12,Diciembre,18,1901423.8,184183.0,0.0,1.0
B1,2026-01-05,Centro,Tequisquiapan,7,Julio,7,515825.27999999997,480442.27,35397.58,0.9314050486242165
B1,2026-01-05,Centro,Tequisquiapan,8,Agosto,14,1522354.2400000002,1507774.4800000002,14635.67,0.9904228860688824
B1,2026-01-05,Centro,Tequisquiapan,9,Septiembre,9,797976.1,750667.32,29050.76,0.9635959773732571
B1,2026-01-05,Centro,Tequisquiapan,10,Octubre,13,1153370.6800000002,692451.6,4705.28,0.9959204095599168
B1,2026-01-05,Centro,Tequisquiapan,11,Noviembre,11,1076319.78,398045.0,54586.17,0.9492844310637866
B1,2026-01-05,Centro,Tequisquiapan,12,Diciembre,12,1797320.2100000002,346940.0,0.0,1.0
B1,2026-01-05,Centro,Valle de Toluca,1,Enero,2,122538.98999999999,0.0,0.0,1.0
B1,2026-01-05,Centro,Valle de Toluca,7,Julio,13,4792325.359999999,4600324.83,192001.28999999998,0.9599358316522985
B1,2026-01-05,Centro,Valle de Toluca,8,Agosto,23,4998326.49,3650879.1299999994,1347465.28,0.7304202991349609
B1,2026-01-05,Centro,Valle de Toluca,9,Septiembre,31,4919821.129999999,1380862.96,3383285.2199999997,0.31245858932273834
B1,2026-01-05,Centro,Valle de Toluca,10,Octubre,30,1917459.2200000002,1111007.0,98199.64,0.9487865822773536
B1,2026-01-05,Centro,Valle de Toluca,11,Noviembre,27,1811408.2200000002,592959.0,5086.52,0.9971919526786733
B1,2026-01-05,Centro,Valle de Toluca,12,Diciembre,25,2151310.09,317834.0,0.0,1.0000000000000002
B1,2026-01-05,Centro,Zinacantepec,1,Enero,1,73391.47,0.0,0.0,1.0
B1,2026-01-05,Centro,Zinacantepec,7,Julio,27,2589450.6199999996,2387541.95,228861.22,0.9220264451306666
B1,2026-01-05,Centro,Zinacantepec,8,Agosto,30,2765781.4099999997,2385434.8199999994,351681.58999999997,0.872864793751
B1,2026-01-05,Centro,Zinacantepec,9,Septiembre,20,1621420.48,1336152.9000000001,79055.24,0.9512470139762883
B1,2026-01-05,Centro,Zinacantepec,10,Octubre,36,2327259.35,1256603.0,227044.13,0.902441414619303
B1,2026-01-05,Centro,Zinacantepec,11,Noviembre,22,1968793.35,663860.13,50912.8,0.9741400995691092
B1,2026-01-05,Centro,Zinacantepec,12,Diciembre,24,2321025.96,288656.0,0.0,1.0
B1,2026-01-05,Suc. Digital,Salamanca,1,Enero,1,174140.67,8708.0,0.0,1.0
B1,2026-01-05,Suc. Digital,Salamanca,7,Julio,24,2732570.2699999996,2523626.33,209356.4,0.9235357486341973
B1,2026-01-05,Suc. Digital,Salamanca,8,Agosto,31,4033059.9499999997,3802983.65,218099.40000000002,0.946068646958744
B1,2026-01-05,Suc. Digital,Salamanca,9,Septiembre,44,5193544.569999999,3762530.2700000005,561621.78,0.8918776834527099
B1,2026-01-05,Suc. Digital,Salamanca,10,Octubre,44,5718173.869999999,2799396.0,819610.23,0.856665738287528
B1,2026-01-05,Suc. Digital,Salamanca,11,Noviembre,45,6201141.850000001,1937011.04,0.0,1.0
B1,2026-01-05,Suc. Digital,Salamanca,12,Diciembre,43,4952196.68,686086.0,0.0,1.0
B1,2026-01-05,Península Sur,Cancún,7,Julio,22,2420925.92,2275398.0200000005,145832.4,0.939887503868768
B1,2026-01-05,Península Sur,Cancún,8,Agosto,36,3338577.63,2906215.7199999997,433909.24000000005,0.8704951755158079
B1,2026-01-05,Península Sur,Cancún,9,Septiembre,31,2672093.4799999995,2077384.97,425719.5800000001,0.8412990963175436
B1,2026-01-05,Península Sur,Cancún,10,Octubre,36,3113255.3400000003,1781571.0,174939.28,0.9438082454232616
B1,2026-01-05,Península Sur,Cancún,11,Noviembre,35,3198759.3000000003,1183868.0,41289.6,0.987091995324562
B1,2026-01-05,Península Sur,Cancún,12,Diciembre,38,3586939.1300000004,501059.0,0.0,1.0
B1,2026-01-05,Península Sur,Cozumel,7,Julio,18,1216367.58,1147400.97,68995.34,0.943301177099771
B1,2026-01-05,Península Sur,Cozumel,8,Agosto,19,1743901.54,1546943.87,168205.77,0.9035547614689302
B1,2026-01-05,Península Sur,Cozumel,9,Septiembre,17,1440909.62,1213074.87,97212.3,0.9325382601026704
B1,2026-01-05,Península Sur,Cozumel,10,Octubre,16,1258692.4100000001,845086.0,0.0,1.0
B1,2026-01-05,Península Sur,Cozumel,11,Noviembre,25,2057859.1600000001,733131.0,76177.67,0.962982077937734
B1,2026-01-05,Península Sur,Cozumel,12,Diciembre,15,1343179.8599999999,154042.0,0.0,1.0
B1,2026-01-05,Península Sur,Motul,7,Julio,19,1418355.18,1277501.7600000002,140953.47000000003,0.9006924203569379
B1,2026-01-05,Península Sur,Motul,8,Agosto,14,1041877.1500000001,1004271.81,27564.72,0.9735470347919617
B1,2026-01-05,Península Sur,Motul,9,Septiembre,25,1814628.37,1344094.25,387872.19,0.7862606270175309
B1,2026-01-05,Península Sur,Motul,10,Octubre,26,1921900.66,1063968.0,17541.33,0.9908729257629789
B1,2026-01-05,Península Sur,Motul,11,Noviembre,25,1997053.23,636573.0,3695.0,0.9981497739046244
B1,2026-01-05,Península Sur,Motul,12,Diciembre,26,1773278.0899999996,149910.0,2575.76,0.9985474585094547
B1,2026-01-05,Península Sur,Mérida,7,Julio,5,404347.79,384197.0800000001,20152.8,0.9501649063050402
B1,2026-01-05,Península Sur,Mérida,8,Agosto,5,317368.21,298003.95,19365.16,0.9389848781640732
B1,2026-01-05,Península Sur,Mérida,9,Septiembre,5,290644.37,227450.16999999998,44382.81,0.8472951325360267
B1,2026-01-05,Península Sur,Mérida,10,Octubre,6,503924.74,248493.0,147897.73,0.706508297250895
B1,2026-01-05,Península Sur,Mérida,11,Noviembre,7,532820.48,236878.0,0.0,1.0
B1,2026-01-05,Península Sur,Mérida,12,Diciembre,9,522140.15,75228.0,0.0,1.0
B1,2026-01-05,Península Sur,Playa del Carmen,7,Julio,18,1844961.2799999998,1451469.28,394297.11,0.7867207272772686
B1,2026-01-05,Península Sur,Playa del Carmen,8,Agosto,15,1102978.7700000003,1050099.11,65847.43,0.9520574090469573
B1,2026-01-05,Península Sur,Playa del Carmen,9,Septiembre,14,1518349.5499999998,1323651.4,161385.94,0.8971262513299393
B1,2026-01-05,Península Sur,Playa del Carmen,10,Octubre,14,1494511.9699999997,898125.6199999999,144431.86,0.9033585124112457
B1,2026-01-05,Península Sur,Playa del Carmen,11,Noviembre,12,1027755.73,384859.68,2403.0699999999997,0.9976618276796181
B1,2026-01-05,Península Sur,Playa del Carmen,12,Diciembre,18,1722388.8900000001,210383.89,0.0,1.0
B1,2026-01-05,Península Sur,Valladolid,1,Enero,1,61098.24,0.0,0.0,1.0
B1,2026-01-05,Península Sur,Valladolid,7,Julio,17,1221325.3399999999,1118944.6,102390.81999999999,0.916172426259493
B1,2026-01-05,Península Sur,Valladolid,8,Agosto,22,1310828.8899999997,1153575.42,157261.94999999998,0.8800350898582958
B1,2026-01-05,Península Sur,Valladolid,9,Septiembre,10,567848.85,545643.12,16935.23,0.9702009962686374
B1,2026-01-05,Península Sur,Valladolid,10,Octubre,21,1224025.2799999998,775037.0,58546.81,0.9521686267786887
B1,2026-01-05,Península Sur,Valladolid,11,Noviembre,12,913192.31,336196.0,3257.15,0.9964332266442323
B1,2026-01-05,Península Sur,Valladolid,12,Diciembre,19,1342395.83,184199.5,0.0,1.0
B2,2026-01-19,Bajío Occidente,Fresnillo,1,Enero,10,802356.8,20504.0,4467.44,0.9944321030244899
B2,2026-01-19,Bajío Occidente,Fresnillo,7,Julio,16,954887.0,874192.1400000001,80729.36,0.9154927651125213
B2,2026-01-19,Bajío Occidente,Fresnillo,8,Agosto,31,2742798.3599999994,2212567.35,530245.24,0.8066824679011403
B2,2026-01-19,Bajío Occidente,Fresnillo,9,Septiembre,25,1952873.96,1603873.44,315344.85,0.8385659666433364
B2,2026-01-19,Bajío Occidente,Fresnillo,10,Octubre,30,2150833.93,1359347.4000000001,496967.27,0.7689516224062916
B2,2026-01-19,Bajío Occidente,Fresnillo,11,Noviembre,20,2048947.3599999999,875532.74,511704.19999999995,0.7502599578741741
B2,2026-01-19,Bajío Occidente,Fresnillo,12,Diciembre,16,1870547.83,449461.4,26634.31,0.9857612248279157
B2,2026-01-19,Bajío Occidente,Guadalajara,1,Enero,7,654494.93,0.0,0.0,1.0
B2,2026-01-19,Bajío Occidente,Guadalajara,7,Julio,3,485481.07,385379.6,101847.67,0.7938097359800249
B2,2026-01-19,Bajío Occidente,Guadalajara,8,Agosto,12,2393678.4,2170526.5700000003,223182.13999999998,0.9067745149055948
B2,2026-01-19,Bajío Occidente,Guadalajara,9,Septiembre,23,3077419.99,2958190.76,63746.92999999999,0.9794682525604831
B2,2026-01-19,Bajío Occidente,Guadalajara,10,Octubre,28,2834081.24,1681375.6800000002,717309.8600000001,0.7469028834191076
B2,2026-01-19,Bajío Occidente,Guadalajara,11,Noviembre,21,3433871.9899999998,1618904.0,254685.38,0.9258314285617854
B2,2026-01-19,Bajío Occidente,Guadalajara,12,Diciembre,20,2694253.3100000005,693614.0,77800.77,0.971123439020661
B2,2026-01-19,Bajío Occidente,Irapuato,1,Enero,16,1476291.63,39416.0,0.0,1.0
B2,2026-01-19,Bajío Occidente,Irapuato,7,Julio,11,1002441.57,907909.0499999999,94545.52,0.9056977256040968
B2,2026-01-19,Bajío Occidente,Irapuato,8,Agosto,23,1950582.25,1773114.24,177553.04,0.9090179304153926
B2,2026-01-19,Bajío Occidente,Irapuato,9,Septiembre,31,2196772.38,2093435.49,43421.52,0.9804044149535419
B2,2026-01-19,Bajío Occidente,Irapuato,10,Octubre,31,1921394.94,1551632.19,57175.81,0.9702445921919624
B2,2026-01-19,Bajío Occidente,Irapuato,11,Noviembre,24,2421524.9299999997,1161814.8,45635.73,0.9811541357949183
B2,2026-01-19,Bajío Occidente,Irapuato,12,Diciembre,32,2890920.15,676345.62,0.0,1.0
B2,2026-01-19,Bajío Occidente,Morelia,1,Enero,4,436805.65,10708.0,0.0,1.0
B2,2026-01-19,Bajío Occidente,Morelia,7,Julio,8,614163.41,533154.13,81009.28,0.8680981662518774
B2,2026-01-19,Bajío Occidente,Morelia,8,Agosto,30,2308393.67,2052583.02,245287.44,0.8938344602201236
B2,2026-01-19,Bajío Occidente,Morelia,9,Septiembre,28,1906061.9699999997,1456651.27,339482.09,0.8219047620996289
B2,2026-01-19,Bajío Occidente,Morelia,10,Octubre,24,1827155.3800000001,1067087.0,166978.89,0.9086126490238612
B2,2026-01-19,Bajío Occidente,Morelia,11,Noviembre,22,1865061.9100000001,592216.0,300157.99,0.8390627204434193
B2,2026-01-19,Bajío Occidente,Morelia,12,Diciembre,13,1484903.74,318618.0,0.0,1.0
B2,2026-01-19,Centro,Pachuca,1,Enero,2,214713.91999999998,7238.0,0.0,1.0
B2,2026-01-19,Centro,Pachuca,7,Julio,7,484848.95,389633.9,95215.05,0.8036191477778801
B2,2026-01-19,Centro,Pachuca,8,Agosto,14,783428.9499999998,623770.96,156025.91,0.8010302529667815
B2,2026-01-19,Centro,Pachuca,9,Septiembre,11,910549.0099999999,821422.84,59342.159999999996,0.93484571467493
B2,2026-01-19,Centro,Pachuca,10,Octubre,8,569145.01,337692.0,146701.98,0.7422414719932272
B2,2026-01-19,Centro,Pachuca,11,Noviembre,7,480224.05000000005,220095.0,92648.5,0.8070723446691183
B2,2026-01-19,Centro,Pachuca,12,Diciembre,5,415770.56,81118.0,0.0,1.0000000000000002
B2,2026-01-19,Centro,San Juan del Río,1,Enero,4,362983.25,21470.0,0.0,1.0
B2,2026-01-19,Centro,San Juan del Río,7,Julio,5,465353.51999999996,469652.19,0.0,1.0092374287831756
B2,2026-01-19,Centro,San Juan del Río,8,Agosto,24,2070398.57,1739462.5,330998.81,0.8401582792824281
B2,2026-01-19,Centro,San Juan del Río,9,Septiembre,15,1619334.8800000001,1356332.1400000001,188655.94,0.8835101544900953
B2,2026-01-19,Centro,San Juan del Río,10,Octubre,20,1844998.97,1144042.05,389357.7,0.7889660068482315
B2,2026-01-19,Centro,San Juan del Río,11,Noviembre,19,1648403.1299999997,697615.0,102301.38999999998,0.9379390950319298
B2,2026-01-19,Centro,San Juan del Río,12,Diciembre,18,1901423.8,423486.0,0.0,1.0
B2,2026-01-19,Centro,Tequisquiapan,1,Enero,3,186797.15,3408.0,0.0,1.0
B2,2026-01-19,Centro,Tequisquiapan,7,Julio,2,150440.53999999998,133960.43,16482.24,0.8904543283346364
B2,2026-01-19,Centro,Tequisquiapan,8,Agosto,14,1522354.2400000002,1522420.1500000001,0.0,1.0000432947853188
B2,2026-01-19,Centro,Tequisquiapan,9,Septiembre,9,797976.1,784440.06,9396.96,0.9882261636658042
B2,2026-01-19,Centro,Tequisquiapan,10,Octubre,13,1153370.6800000002,817246.8,103342.51,0.9103997424314618
B2,2026-01-19,Centro,Tequisquiapan,11,Noviembre,11,1076319.78,509158.0,141355.53,0.8686677206656926
B2,2026-01-19,Centro,Tequisquiapan,12,Diciembre,12,1797320.2100000002,559993.0,164.0,0.9999087530429538
B2,2026-01-19,Centro,Valle de Toluca,1,Enero,10,608558.69,46767.0,0.0,1.0
B2,2026-01-19,Centro,Valle de Toluca,7,Julio,3,2432095.87,2418745.47,13350.4,0.9945107427035761
B2,2026-01-19,Centro,Valle de Toluca,8,Agosto,23,4998326.49,3651525.1299999994,1346819.28,0.7305495423929378
B2,2026-01-19,Centro,Valle de Toluca,9,Septiembre,31,4919821.129999999,1469961.4700000002,3403733.2300000004,0.30859340205321656
B2,2026-01-19,Centro,Valle de Toluca,10,Octubre,30,1917459.2200000002,1292281.56,180754.27000000002,0.9057350956334809
B2,2026-01-19,Centro,Valle de Toluca,11,Noviembre,27,1811408.2200000002,777918.0,100883.66,0.9443065020429244
B2,2026-01-19,Centro,Valle de Toluca,12,Diciembre,25,2151310.09,590005.0,0.0,1.0000000000000002
B2,2026-01-19,Centro,Zinacantepec,1,Enero,14,1340056.97,25724.0,0.0,1.0
B2,2026-01-19,Centro,Zinacantepec,7,Julio,9,977740.85,937656.9099999999,67020.88999999998,0.9590035130474501
B2,2026-01-19,Centro,Zinacantepec,8,Agosto,30,2765781.4099999997,2392614.8199999994,373219.99,0.865077338125575
B2,2026-01-19,Centro,Zinacantepec,9,Septiembre,20,1621420.48,1489611.3,61916.200000000004,0.962765697889791
B2,2026-01-19,Centro,Zinacantepec,10,Octubre,36,2327259.35,1489421.8599999999,311135.7,0.8663111182687909
B2,2026-01-19,Centro,Zinacantepec,11,Noviembre,22,1968793.35,881207.74,103089.21,0.9476383796196791
B2,2026-01-19,Centro,Zinacantepec,12,Diciembre,24,2321025.96,531090.0,7749.200000000001,0.9966613040381503
B2,2026-01-19,Suc. Digital,Salamanca,1,Enero,15,1803774.69,92290.0,0.0,1.0
B2,2026-01-19,Suc. Digital,Salamanca,7,Julio,15,1754634.93,1545278.5999999999,209356.40000000002,0.8806838240704579
B2,2026-01-19,Suc. Digital,Salamanca,8,Agosto,31,4033059.9499999997,3842089.25,190902.40000000002,0.9532415331440833
B2,2026-01-19,Suc. Digital,Salamanca,9,Septiembre,44,5193544.569999999,4142384.27,631609.43,0.8784019658466126
B2,2026-01-19,Suc. Digital,Salamanca,10,Octubre,44,5718173.869999999,3292959.0,941439.1499999999,0.8353602668608607
B2,2026-01-19,Suc. Digital,Salamanca,11,Noviembre,45,6201141.850000001,2533479.04,0.0,0.9999999999999999
B2,2026-01-19,Suc. Digital,Salamanca,12,Diciembre,43,4952196.68,1201949.0,0.0,1.0
B2,2026-01-19,Península Sur,Cancún,1,Enero,8,741712.43,50076.0,0.0,1.0
B2,2026-01-19,Península Sur,Cancún,7,Julio,9,951591.6799999999,909417.25,42176.4,0.9556801190191155
B2,2026-01-19,Península Sur,Cancún,8,Agosto,36,3338577.63,2906215.7199999997,433909.24000000005,0.8704951755158079
B2,2026-01-19,Península Sur,Cancún,9,Septiembre,31,2672093.4799999995,2159545.34,451408.9700000001,0.8316895148443684
B2,2026-01-19,Península Sur,Cancún,10,Octubre,36,3113255.3400000003,2098402.8200000003,236596.15,0.9240073157635699
B2,2026-01-19,Península Sur,Cancún,11,Noviembre,35,3198759.3000000003,1523488.0,94168.72,0.9705608608937845
B2,2026-01-19,Península Sur,Cancún,12,Diciembre,38,3586939.1300000004,911002.0,3690.6,0.9989711004658169
B2,2026-01-19,Península Sur,Cozumel,1,Enero,11,1037425.3899999999,19943.0,0.0,1.0
B2,2026-01-19,Península Sur,Cozumel,7,Julio,11,820225.06,775247.76,45004.630000000005,0.9451646844342941
B2,2026-01-19,Península Sur,Cozumel,8,Agosto,19,1743901.54,1557891.53,186027.11,0.8933368623551994
B2,2026-01-19,Península Sur,Cozumel,9,Septiembre,17,1440909.62,1320168.9000000001,92762.35999999999,0.9356265523440673
B2,2026-01-19,Península Sur,Cozumel,10,Octubre,16,1258692.4100000001,1036897.89,0.0,1.0000026058789055
B2,2026-01-19,Península Sur,Cozumel,11,Noviembre,25,2057859.1600000001,957338.0,80926.31999999999,0.9606745099115528
B2,2026-01-19,Península Sur,Cozumel,12,Diciembre,15,1343179.8599999999,309334.0,0.0,1.0000000000000002
B2,2026-01-19,Península Sur,Motul,1,Enero,8,556304.03,10012.0,0.0,1.0
B2,2026-01-19,Península Sur,Motul,7,Julio,11,888577.36,798820.49,89763.47,0.8989881196162819
B2,2026-01-19,Península Sur,Motul,8,Agosto,14,1041877.1500000001,1014316.4099999999,27564.72,0.9735470347919616
B2,2026-01-19,Península Sur,Motul,9,Septiembre,25,1814628.37,1377476.69,384906.19,0.7879011006534632
B2,2026-01-19,Península Sur,Motul,10,Octubre,26,1921900.66,1321175.1400000001,16538.2,0.991400544084313
B2,2026-01-19,Península Sur,Motul,11,Noviembre,25,1997053.23,833582.0,56607.2,0.9716546363664027
B2,2026-01-19,Península Sur,Motul,12,Diciembre,26,1773278.0899999996,321344.0,14325.68,0.9919213573546155
B2,2026-01-19,Península Sur,Mérida,1,Enero,3,191928.53,8306.0,0.0,1.0
B2,2026-01-19,Península Sur,Mérida,7,Julio,3,192022.03,171871.32,20152.8,0.8950604261396466
B2,2026-01-19,Península Sur,Mérida,8,Agosto,5,317368.21,298003.95,19365.16,0.9389848781640732
B2,2026-01-19,Península Sur,Mérida,9,Septiembre,5,290644.37,244892.76,44936.45,0.8454064326104097
B2,2026-01-19,Península Sur,Mérida,10,Octubre,6,503924.74,275188.0,193340.53000000003,0.6163305457080753
B2,2026-01-19,Península Sur,Mérida,11,Noviembre,7,532820.48,293948.0,39061.93,0.9266883848008245
B2,2026-01-19,Península Sur,Mérida,12,Diciembre,9,522140.15,134503.0,0.0,1.0
B2,2026-01-19,Península Sur,Playa del Carmen,1,Enero,8,791270.3,19071.94,0.0,1.0
B2,2026-01-19,Península Sur,Playa del Carmen,7,Julio,9,899750.4000000001,617331.91,282430.8,0.6861146269009715
B2,2026-01-19,Península Sur,Playa del Carmen,8,Agosto,15,1102978.7700000003,1050099.11,65847.43,0.9520574090469573
B2,2026-01-19,Península Sur,Playa del Carmen,9,Septiembre,14,1518349.5499999998,1363841.32,159700.98,0.8982393546993183
B2,2026-01-19,Península Sur,Playa del Carmen,10,Octubre,14,1494511.9699999997,1070369.97,143319.86,0.9041026616869453
B2,2026-01-19,Península Sur,Playa del Carmen,11,Noviembre,12,1027755.73,508936.75,6808.49,0.9933753811326355
B2,2026-01-19,Península Sur,Playa del Carmen,12,Diciembre,18,1722388.8900000001,421026.62,0.0,1.0
B2,2026-01-19,Península Sur,Valladolid,1,Enero,7,377928.94999999995,10366.0,0.0,1.0000000000000002
B2,2026-01-19,Península Sur,Valladolid,7,Julio,7,489841.17000000004,478632.45,11218.2,0.9771176440722612
B2,2026-01-19,Península Sur,Valladolid,8,Agosto,22,1310828.8899999997,1154766.42,156070.94999999998,0.880943675264893
B2,2026-01-19,Península Sur,Valladolid,9,Septiembre,10,567848.85,550936.52,16935.23,0.9702168455567006
B2,2026-01-19,Península Sur,Valladolid,10,Octubre,21,1224025.2799999998,924159.96,51191.81,0.9581953650499768
B2,2026-01-19,Península Sur,Valladolid,11,Noviembre,12,913192.31,452331.0,3253.93,0.9964367527361241
B2,2026-01-19,Península Sur,Valladolid,12,Diciembre,19,1342395.83,342215.5,436.43,0.9996748872499105
B3,2026-02-02,Bajío Occidente,Fresnillo,1,Enero,22,1741950.84,191795.0,135278.92,0.9223405638703329
B3,2026-02-02,Bajío Occidente,Fresnillo,8,Agosto,31,2742798.3599999994,2227587.35,515232.04000000004,0.8121586269287402
B3,2026-02-02,Bajío Occidente,Fresnillo,9,Septiembre,25,1952873.96,1624741.6400000001,311644.85,0.840460605045909
B3,2026-02-02,Bajío Occidente,Fresnillo,10,Octubre,29,2085873.5,1439950.83,510283.07,0.755676497160542
B3,2026-02-02,Bajío Occidente,Fresnillo,11,Noviembre,20,2048947.3599999999,1035753.74,514531.51999999996,0.7488800688369076
B3,2026-02-02,Bajío Occidente,Fresnillo,12,Diciembre,16,1870547.83,598827.4,378564.1,0.7976185939067915
B3,2026-02-02,Bajío Occidente,Guadalajara,1,Enero,21,2093055.5799999998,160470.0,0.0,1.0
B3,2026-02-02,Bajío Occidente,Guadalajara,8,Agosto,12,2393678.4,2170526.5700000003,223182.13999999998,0.9067745149055948
B3,2026-02-02,Bajío Occidente,Guadalajara,9,Septiembre,23,3077419.99,2973967.76,82437.96999999999,0.9733952693275381
B3,2026-02-02,Bajío Occidente,Guadalajara,10,Octubre,28,2834081.24,1845822.2599999998,727154.8600000001,0.7434342284415247
B3,2026-02-02,Bajío Occidente,Guadalajara,11,Noviembre,21,3433871.9899999998,1965015.0,246478.78,0.9282213254548259
B3,2026-02-02,Bajío Occidente,Guadalajara,12,Diciembre,20,2694253.3100000005,1006407.0,77800.77,0.971123439020661
B3,2026-02-02,Bajío Occidente,Irapuato,1,Enero,32,2938827.69,211130.0,1787.0,0.9993919344076957
B3,2026-02-02,Bajío Occidente,Irapuato,8,Agosto,23,1950582.25,1778566.24,172101.04,0.9118129932741877
B3,2026-02-02,Bajío Occidente,Irapuato,9,Septiembre,31,2196772.38,2140932.42,41586.479999999996,0.981665697198906
B3,2026-02-02,Bajío Occidente,Irapuato,10,Octubre,31,1921394.94,1730364.3399999999,80946.95999999999,0.9578807467870193
B3,2026-02-02,Bajío Occidente,Irapuato,11,Noviembre,24,2421524.9299999997,1430793.72,59053.73,0.9756129993673036
B3,2026-02-02,Bajío Occidente,Irapuato,12,Diciembre,32,2890920.15,994370.62,8500.369999999999,0.9970596316885473
B3,2026-02-02,Bajío Occidente,Morelia,1,Enero,13,1020019.24,82052.0,0.0,1.0
B3,2026-02-02,Bajío Occidente,Morelia,8,Agosto,27,2099134.8400000003,1878583.6,220766.83000000002,0.8949323141147044
B3,2026-02-02,Bajío Occidente,Morelia,9,Septiembre,28,1906061.9699999997,1553280.71,318319.33,0.8330134460423656
B3,2026-02-02,Bajío Occidente,Morelia,10,Octubre,24,1827155.3800000001,1216794.94,283241.75,0.8449822532334387
B3,2026-02-02,Bajío Occidente,Morelia,11,Noviembre,22,1865061.9100000001,738451.0,332027.51,0.8219750732027977
B3,2026-02-02,Bajío Occidente,Morelia,12,Diciembre,13,1484903.74,465535.0,0.0,1.0
B3,2026-02-02,Centro,Pachuca,1,Enero,7,766533.86,35297.0,0.0,1.0
B3,2026-02-02,Centro,Pachuca,8,Agosto,14,783428.9499999998,627556.96,156025.91,0.8010387668211649
B3,2026-02-02,Centro,Pachuca,9,Septiembre,11,910549.0099999999,856772.84,53792.159999999996,0.9409409384784242
B3,2026-02-02,Centro,Pachuca,10,Octubre,8,569145.01,391865.45,143305.12,0.7482249207455934
B3,2026-02-02,Centro,Pachuca,11,Noviembre,7,480224.05000000005,262901.0,91588.5,0.8092796476977777
B3,2026-02-02,Centro,Pachuca,12,Diciembre,5,415770.56,125518.0,1260.0,0.9969694823991386
B3,2026-02-02,Centro,San Juan del Río,1,Enero,10,965642.3300000001,69246.0,0.0,1.0
B3,2026-02-02,Centro,San Juan del Río,8,Agosto,24,2070398.57,1739462.5,330998.81,0.8401582792824281
B3,2026-02-02,Centro,San Juan del Río,9,Septiembre,15,1619334.8800000001,1437623.74,181730.94,0.8877865583924184
B3,2026-02-02,Centro,San Juan del Río,10,Octubre,20,1844998.97,1282669.19,409238.39999999997,0.7781908734615717
B3,2026-02-02,Centro,San Juan del Río,11,Noviembre,19,1648403.1299999997,880514.0,162216.22999999998,0.9015918939683162
B3,2026-02-02,Centro,San Juan del Río,12,Diciembre,18,1901423.8,654464.54,2561.8,0.9986526938392166
B3,2026-02-02,Centro,Tequisquiapan,1,Enero,6,410363.43999999994,25058.0,0.0,1.0000000000000002
B3,2026-02-02,Centro,Tequisquiapan,8,Agosto,14,1522354.2400000002,1522420.1500000001,0.0,1.0000432947853188
B3,2026-02-02,Centro,Tequisquiapan,9,Septiembre,9,797976.1,789970.81,8011.96,0.9899680078137679
B3,2026-02-02,Centro,Tequisquiapan,10,Octubre,13,1153370.6800000002,935363.04,121690.56,0.8944921072555788
B3,2026-02-02,Centro,Tequisquiapan,11,Noviembre,11,1076319.78,599960.0,166053.58000000002,0.8457209622218408
B3,2026-02-02,Centro,Tequisquiapan,12,Diciembre,12,1797320.2100000002,747079.0,119777.4,0.9333577849213635
B3,2026-02-02,Centro,Valle de Toluca,1,Enero,21,1228071.5799999998,132103.0,0.0,1.0000000000000002
B3,2026-02-02,Centro,Valle de Toluca,8,Agosto,23,4998326.49,3651525.1299999994,1346819.28,0.7305495423929378
B3,2026-02-02,Centro,Valle de Toluca,9,Septiembre,31,4919821.129999999,1556192.4700000002,3356194.0200000005,0.31825631433067975
B3,2026-02-02,Centro,Valle de Toluca,10,Octubre,30,1917459.2200000002,1459535.7,254302.67,0.8673894457061777
B3,2026-02-02,Centro,Valle de Toluca,11,Noviembre,27,1811408.2200000002,959077.0,185586.86,0.8975455350423441
B3,2026-02-02,Centro,Valle de Toluca,12,Diciembre,25,2151310.09,811074.0,451.76,0.9997900070277645
B3,2026-02-02,Centro,Zinacantepec,1,Enero,25,2183979.64,184276.0,0.0,0.9999999999999998
B3,2026-02-02,Centro,Zinacantepec,8,Agosto,30,2765781.4099999997,2514734.8199999994,251102.99,0.9092312251820363
B3,2026-02-02,Centro,Zinacantepec,9,Septiembre,20,1621420.48,1544503.63,67051.79000000001,0.9596246557833041
B3,2026-02-02,Centro,Zinacantepec,10,Octubre,36,2327259.35,1752690.5999999999,357515.32000000007,0.8474018248116608
B3,2026-02-02,Centro,Zinacantepec,11,Noviembre,22,1968793.35,1090055.1199999999,141034.50000000003,0.9283650059057748
B3,2026-02-02,Centro,Zinacantepec,12,Diciembre,24,2321025.96,770365.0,60035.32000000001,0.9741341454018033
B3,2026-02-02,Suc. Digital,Salamanca,1,Enero,35,4483373.64,425245.0,0.0,1.0000000000000002
B3,2026-02-02,Suc. Digital,Salamanca,8,Agosto,28,3484019.68,3318115.98,168226.40000000002,0.9523815261571656
B3,2026-02-02,Suc. Digital,Salamanca,9,Septiembre,44,5193544.569999999,4491620.46,626518.8700000001,0.8793838328415463
B3,2026-02-02,Suc. Digital,Salamanca,10,Octubre,44,5718173.869999999,3786304.6,906960.6799999999,0.8413898841449536
B3,2026-02-02,Suc. Digital,Salamanca,11,Noviembre,45,6201141.850000001,3080856.04,79041.12,0.9872537797212297
B3,2026-02-02,Suc. Digital,Salamanca,12,Diciembre,43,4952196.68,1686519.0,3348.92,0.9993237506067711
B3,2026-02-02,Península Sur,Cancún,1,Enero,20,1766781.62,178094.0,0.0,1.0
B3,2026-02-02,Península Sur,Cancún,8,Agosto,32,2936964.62,2537465.3,399600.2,0.8639754400582461
B3,2026-02-02,Península Sur,Cancún,9,Septiembre,31,2672093.4799999995,2212342.85,461433.30000000005,0.8279436578693351
B3,2026-02-02,Península Sur,Cancún,10,Octubre,36,3113255.3400000003,2427817.67,264983.43,0.9148991550432864
B3,2026-02-02,Península Sur,Cancún,11,Noviembre,35,3198759.3000000003,1852691.0,94168.72,0.9705608608937845
B3,2026-02-02,Península Sur,Cancún,12,Diciembre,38,3586939.1300000004,1302866.0,107192.46,0.9701158965583003
B3,2026-02-02,Península Sur,Cozumel,1,Enero,17,1692771.0999999999,170140.0,0.0,1.0
B3,2026-02-02,Península Sur,Cozumel,8,Agosto,19,1743901.54,1564149.53,179769.11000000002,0.8969253677016651
B3,2026-02-02,Península Sur,Cozumel,9,Septiembre,17,1440909.62,1360840.9000000001,70897.75,0.9510754047155296
B3,2026-02-02,Península Sur,Cozumel,10,Octubre,16,1258692.4100000001,1139814.8900000001,3682.35,0.997077069845841
B3,2026-02-02,Península Sur,Cozumel,11,Noviembre,25,2057859.1600000001,1195804.0,102447.35,0.9502165396003096
B3,2026-02-02,Península Sur,Cozumel,12,Diciembre,15,1343179.8599999999,468220.0,0.0,1.0000000000000002
B3,2026-02-02,Península Sur,Motul,1,Enero,15,1008371.5500000002,97461.0,0.0,1.0
B3,2026-02-02,Península Sur,Motul,8,Agosto,14,1041877.1500000001,1014316.4099999999,27564.72,0.9735470347919616
B3,2026-02-02,Península Sur,Motul,9,Septiembre,25,1814628.37,1420505.3599999999,384906.19,0.7879064681436673
B3,2026-02-02,Península Sur,Motul,10,Octubre,26,1921900.66,1482778.88,55044.28,0.9713651276856318
B3,2026-02-02,Península Sur,Motul,11,Noviembre,25,1997053.23,1034432.0,64995.380000000005,0.9674543577388771
B3,2026-02-02,Península Sur,Motul,12,Diciembre,25,1706841.2899999998,493966.0,14325.68,0.9916069056426448
B3,2026-02-02,Península Sur,Mérida,1,Enero,7,480730.87,34577.0,0.0,1.0
B3,2026-02-02,Península Sur,Mérida,8,Agosto,5,317368.21,298003.95,19365.16,0.9389848781640732
B3,2026-02-02,Península Sur,Mérida,9,Septiembre,5,290644.37,244892.76,45756.31,0.8425855969616752
B3,2026-02-02,Península Sur,Mérida,10,Octubre,6,503924.74,306910.01,193340.53000000003,0.6163568790053848
B3,2026-02-02,Península Sur,Mérida,11,Noviembre,7,532820.48,345632.0,44480.93,0.9165179799395099
B3,2026-02-02,Península Sur,Mérida,12,Diciembre,9,522140.15,197009.0,2762.4,0.9947094664143333
B3,2026-02-02,Península Sur,Playa del Carmen,1,Enero,17,1768980.0599999998,143524.96,0.0,1.0
B3,2026-02-02,Península Sur,Playa del Carmen,8,Agosto,14,1001357.01,948476.3900000001,65847.43,0.9471910422837106
B3,2026-02-02,Península Sur,Playa del Carmen,9,Septiembre,14,1518349.5499999998,1363841.32,159700.98,0.8982393546993183
B3,2026-02-02,Península Sur,Playa del Carmen,10,Octubre,14,1494511.9699999997,1256448.42,143319.86,0.9041096405537657
B3,2026-02-02,Península Sur,Playa del Carmen,11,Noviembre,12,1027755.73,626704.42,69665.41,0.9322159848235533
B3,2026-02-02,Península Sur,Playa del Carmen,12,Diciembre,18,1722388.8900000001,641506.92,0.0,1.0
B3,2026-02-02,Península Sur,Valladolid,1,Enero,17,968783.1399999999,70914.0,0.0,1.0
B3,2026-02-02,Península Sur,Valladolid,8,Agosto,22,1310828.8899999997,1155957.42,154879.94999999998,0.8818522606714903
B3,2026-02-02,Península Sur,Valladolid,9,Septiembre,10,567848.85,550936.52,16935.23,0.9702168455567006
B3,2026-02-02,Península Sur,Valladolid,10,Octubre,21,1224025.2799999998,1041506.65,68973.0,0.9436765309291654
B3,2026-02-02,Península Sur,Valladolid,11,Noviembre,12,913192.31,577009.12,2984.72,0.9967321998145164
B3,2026-02-02,Península Sur,Valladolid,12,Diciembre,19,1342395.83,509816.5,2017.8400000000001,0.9984968368085588
B4,2026-02-16,Bajío Occidente,Fresnillo,1,Enero,22,1741950.84,381047.0,134933.95,0.9225386004578637
B4,2026-02-16,Bajío Occidente,Fresnillo,2,Febrero,13,1055883.09,23010.0,0.0,1.0
B4,2026-02-16,Bajío Occidente,Fresnillo,8,Agosto,21,1754434.9400000002,1385826.0100000002,369440.93,0.7898987750437757
B4,2026-02-16,Bajío Occidente,Fresnillo,9,Septiembre,25,1952873.96,1641323.25,311644.85,0.8404655311190693
B4,2026-02-16,Bajío Occidente,Fresnillo,10,Octubre,29,2085873.5,1520711.8400000003,510283.07,0.7556869292409152
B4,2026-02-16,Bajío Occidente,Fresnillo,11,Noviembre,20,2048947.3599999999,1177183.24,532558.2,0.7400875149862318
B4,2026-02-16,Bajío Occidente,Fresnillo,12,Diciembre,16,1870547.83,747442.4,494828.5,0.7354633268051746
B4,2026-02-16,Bajío Occidente,Guadalajara,1,Enero,21,2093055.5799999998,414502.0,0.0,1.0
B4,2026-02-16,Bajío Occidente,Guadalajara,2,Febrero,9,787397.3400000001,32974.0,0.0,1.0
B4,2026-02-16,Bajío Occidente,Guadalajara,8,Agosto,4,442282.14,303892.62,138389.51,0.6871012697912694
B4,2026-02-16,Bajío Occidente,Guadalajara,9,Septiembre,23,3077419.99,2985775.76,83879.79999999999,0.9729267502418478
B4,2026-02-16,Bajío Occidente,Guadalajara,10,Octubre,28,2834081.24,1943234.78,766564.1900000001,0.7311816438967007
B4,2026-02-16,Bajío Occidente,Guadalajara,11,Noviembre,21,3433871.9899999998,2299179.0,263190.18,0.9233546909242824
B4,2026-02-16,Bajío Occidente,Guadalajara,12,Diciembre,20,2694253.3100000005,1288930.0,93971.25,0.9651215980133654
B4,2026-02-16,Bajío Occidente,Irapuato,1,Enero,32,2938827.69,536374.0,65677.0,0.9776519731920724
B4,2026-02-16,Bajío Occidente,Irapuato,2,Febrero,9,600698.88,18672.0,0.0,1.0
B4,2026-02-16,Bajío Occidente,Irapuato,8,Agosto,12,1246754.14,1160484.81,86329.95,0.9308048578046031
B4,2026-02-16,Bajío Occidente,Irapuato,9,Septiembre,31,2196772.38,2152227.95,41586.479999999996,0.9816683647488322
B4,2026-02-16,Bajío Occidente,Irapuato,10,Octubre,31,1921394.94,1771262.11,116599.74999999999,0.9396798869471366
B4,2026-02-16,Bajío Occidente,Irapuato,11,Noviembre,24,2421524.9299999997,1652055.72,60556.83,0.9749922748059422
B4,2026-02-16,Bajío Occidente,Irapuato,12,Diciembre,32,2890920.15,1319180.79,98647.56,0.9658767607261654
B4,2026-02-16,Bajío Occidente,Morelia,1,Enero,13,1020019.24,185278.0,4090.2,0.9959900756381811
B4,2026-02-16,Bajío Occidente,Morelia,2,Febrero,8,760548.8,43620.0,0.0,1.0
B4,2026-02-16,Bajío Occidente,Morelia,8,Agosto,19,1588809.82,1421021.27,168004.14,0.8943935593248032
B4,2026-02-16,Bajío Occidente,Morelia,9,Septiembre,28,1906061.9699999997,1595404.51,304859.33,0.8401085983579013
B4,2026-02-16,Bajío Occidente,Morelia,10,Octubre,24,1827155.3800000001,1340287.09,212454.31,0.8837394442064364
B4,2026-02-16,Bajío Occidente,Morelia,11,Noviembre,22,1865061.9100000001,875178.0,328721.54000000004,0.823747652430476
B4,2026-02-16,Bajío Occidente,Morelia,12,Diciembre,13,1484903.74,624285.0,0.0,1.0
B4,2026-02-16,Centro,Pachuca,1,Enero,7,766533.86,119456.0,3690.8,0.9951850789735498
B4,2026-02-16,Centro,Pachuca,2,Febrero,3,389288.32,15504.0,0.0,1.0
B4,2026-02-16,Centro,Pachuca,8,Agosto,7,365207.73000000004,292038.21,73176.19,0.7996495857302911
B4,2026-02-16,Centro,Pachuca,9,Septiembre,11,910549.0099999999,866380.84,44184.16,0.9514928142088696
B4,2026-02-16,Centro,Pachuca,10,Octubre,8,569145.01,412928.05000000005,147612.82,0.74065619937527
B4,2026-02-16,Centro,Pachuca,11,Noviembre,7,480224.05000000005,308729.42,91588.5,0.8092977642415035
B4,2026-02-16,Centro,Pachuca,12,Diciembre,5,415770.56,167312.0,75733.0,0.8178490559793363
B4,2026-02-16,Centro,San Juan del Río,1,Enero,10,965642.3300000001,164716.0,0.0,1.0
B4,2026-02-16,Centro,San Juan del Río,2,Febrero,8,627163.52,25035.0,0.0,1.0
B4,2026-02-16,Centro,San Juan del Río,8,Agosto,12,1142103.1500000001,907184.6300000001,234948.9,0.7943105926990919
B4,2026-02-16,Centro,San Juan del Río,9,Septiembre,15,1619334.8800000001,1437623.74,181730.94,0.8877865583924184
B4,2026-02-16,Centro,San Juan del Río,10,Octubre,20,1844998.97,1398657.48,373204.0,0.7977387380330082
B4,2026-02-16,Centro,San Juan del Río,11,Noviembre,19,1648403.1299999997,1024791.0,167397.47,0.8984487065369745
B4,2026-02-16,Centro,San Juan del Río,12,Diciembre,18,1901423.8,863682.54,4754.2,0.9974996631471638
B4,2026-02-16,Centro,Tequisquiapan,1,Enero,6,410363.43999999994,58700.0,0.0,1.0000000000000002
B4,2026-02-16,Centro,Tequisquiapan,2,Febrero,7,590478.73,22932.0,0.0,1.0
B4,2026-02-16,Centro,Tequisquiapan,8,Agosto,8,920399.1499999999,920453.75,0.0,1.000059322088683
B4,2026-02-16,Centro,Tequisquiapan,9,Septiembre,9,797976.1,789970.81,8011.96,0.9899680078137679
B4,2026-02-16,Centro,Tequisquiapan,10,Octubre,13,1153370.6800000002,1011375.8300000001,118652.98,0.8971392874318601
B4,2026-02-16,Centro,Tequisquiapan,11,Noviembre,11,1076319.78,686149.0,163470.58000000002,0.8481208066249604
B4,2026-02-16,Centro,Tequisquiapan,12,Diciembre,12,1797320.2100000002,920987.0,169704.4,0.9055792067235475
B4,2026-02-16,Centro,Valle de Toluca,1,Enero,21,1228071.5799999998,274500.0,0.0,1.0000000000000002
B4,2026-02-16,Centro,Valle de Toluca,2,Febrero,12,1042164.6900000002,15457.0,0.0,1.0
B4,2026-02-16,Centro,Valle de Toluca,8,Agosto,13,2067255.3100000003,1216856.3200000003,850416.84,0.588633786119045
B4,2026-02-16,Centro,Valle de Toluca,9,Septiembre,31,4919821.129999999,1571811.4700000002,3350146.6900000004,0.3194854911320729
B4,2026-02-16,Centro,Valle de Toluca,10,Octubre,30,1917459.2200000002,1555321.49,249310.24,0.8699999627632236
B4,2026-02-16,Centro,Valle de Toluca,11,Noviembre,27,1811408.2200000002,1136490.0,243371.58999999997,0.8656450891008987
B4,2026-02-16,Centro,Valle de Toluca,12,Diciembre,25,2151310.09,1046132.0,6244.68,0.9970972664382383
B4,2026-02-16,Centro,Zinacantepec,1,Enero,25,2183979.64,407164.0,6815.26,0.9968794306159373
B4,2026-02-16,Centro,Zinacantepec,2,Febrero,10,728127.68,20615.0,0.0,1.0
B4,2026-02-16,Centro,Zinacantepec,8,Agosto,22,2024689.2800000003,1815916.4400000002,208820.22999999998,0.8968864792922695
B4,2026-02-16,Centro,Zinacantepec,9,Septiembre,20,1621420.48,1583690.38,39333.4,0.9767302186783775
B4,2026-02-16,Centro,Zinacantepec,10,Octubre,36,2327259.35,1899581.4899999998,302904.82000000007,0.8708698581445166
B4,2026-02-16,Centro,Zinacantepec,11,Noviembre,22,1968793.35,1259952.1199999999,228994.61000000002,0.8836878385433392
B4,2026-02-16,Centro,Zinacantepec,12,Diciembre,24,2321025.96,1023767.0,117980.04,0.9491690131720888
B4,2026-02-16,Suc. Digital,Salamanca,1,Enero,35,4483373.64,849971.0,0.0,1.0000000000000002
B4,2026-02-16,Suc. Digital,Salamanca,2,Febrero,19,1998278.67,121614.0,0.0,1.0
B4,2026-02-16,Suc. Digital,Salamanca,8,Agosto,14,1581021.8399999999,1496970.8900000001,85783.2,0.9468375781576808
B4,2026-02-16,Suc. Digital,Salamanca,9,Septiembre,44,5193544.569999999,4551174.46,612236.8700000001,0.8821368659208407
B4,2026-02-16,Suc. Digital,Salamanca,10,Octubre,44,5718173.869999999,4179198.27,1007612.1900000001,0.8244862271038289
B4,2026-02-16,Suc. Digital,Salamanca,11,Noviembre,45,6201141.850000001,3636814.79,116446.84,0.9812217099984577
B4,2026-02-16,Suc. Digital,Salamanca,12,Diciembre,43,4952196.68,2147161.0,56956.6,0.9884987201275698
B4,2026-02-16,Península Sur,Cancún,1,Enero,20,1766781.62,380606.0,0.0,1.0
B4,2026-02-16,Península Sur,Cancún,2,Febrero,17,1405563.72,60759.0,0.0,1.0
B4,2026-02-16,Península Sur,Cancún,8,Agosto,22,1878129.22,1647718.7999999998,230431.41999999998,0.8773191868022797
B4,2026-02-16,Península Sur,Cancún,9,Septiembre,31,2672093.4799999995,2215783.85,457992.30000000005,0.8292314122184082
B4,2026-02-16,Península Sur,Cancún,10,Octubre,36,3113255.3400000003,2662235.23,304302.11,0.9022875489551075
B4,2026-02-16,Península Sur,Cancún,11,Noviembre,35,3198759.3000000003,2126184.84,199368.87,0.9376730628028184
B4,2026-02-16,Península Sur,Cancún,12,Diciembre,38,3586939.1300000004,1670678.0,161971.78,0.9548440120867063
B4,2026-02-16,Península Sur,Cozumel,1,Enero,17,1692771.0999999999,366769.0,0.0,1.0
B4,2026-02-16,Península Sur,Cozumel,2,Febrero,6,570633.9400000001,18033.0,0.0,1.0
B4,2026-02-16,Península Sur,Cozumel,8,Agosto,10,789550.88,623792.6699999999,165764.71000000002,0.7900601288671858
B4,2026-02-16,Península Sur,Cozumel,9,Septiembre,17,1440909.62,1370578.9000000001,59131.95,0.9592409411493832
B4,2026-02-16,Península Sur,Cozumel,10,Octubre,16,1258692.4100000001,1235106.44,9021.25,0.9928378292199281
B4,2026-02-16,Península Sur,Cozumel,11,Noviembre,25,2057859.1600000001,1417580.0,96101.35,0.9533003269281072
B4,2026-02-16,Península Sur,Cozumel,12,Diciembre,15,1343179.8599999999,618224.0,178.83,0.9998668607196061
B4,2026-02-16,Península Sur,Motul,1,Enero,15,1008371.5500000002,202565.0,0.0,1.0
B4,2026-02-16,Península Sur,Motul,2,Febrero,8,582506.03,7056.0,0.0,1.0
B4,2026-02-16,Península Sur,Motul,8,Agosto,9,667177.6300000001,639615.81,27564.72,0.9586889326610065
B4,2026-02-16,Península Sur,Motul,9,Septiembre,25,1814628.37,1429757.42,384906.19,0.787906462632897
B4,2026-02-16,Península Sur,Motul,10,Octubre,26,1921900.66,1596834.17,91455.0,0.952419965348261
B4,2026-02-16,Península Sur,Motul,11,Noviembre,25,1997053.23,1217957.01,127941.48,0.9359400350084809
B4,2026-02-16,Península Sur,Motul,12,Diciembre,25,1706841.2899999998,661342.0,15275.68,0.9910503219663735
B4,2026-02-16,Península Sur,Mérida,1,Enero,8,542738.55,102427.0,0.0,1.0
B4,2026-02-16,Península Sur,Mérida,2,Febrero,6,457101.97,12919.0,0.0,1.0
B4,2026-02-16,Península Sur,Mérida,8,Agosto,4,195448.21000000002,176083.95,19365.16,0.9009238304101121
B4,2026-02-16,Península Sur,Mérida,9,Septiembre,5,290644.37,244892.76,45756.31,0.8425855969616752
B4,2026-02-16,Península Sur,Mérida,10,Octubre,6,503924.74,307833.01,194259.53000000003,0.6145331939844827
B4,2026-02-16,Península Sur,Mérida,11,Noviembre,7,532820.48,392941.67,90200.93,0.8307104674354859
B4,2026-02-16,Península Sur,Mérida,12,Diciembre,9,522140.15,251715.0,33212.8,0.9363910245170766
B4,2026-02-16,Península Sur,Playa del Carmen,1,Enero,17,1768980.0599999998,364657.28,0.0,1.0000000000000002
B4,2026-02-16,Península Sur,Playa del Carmen,2,Febrero,6,443841.69,18030.0,0.0,1.0
B4,2026-02-16,Península Sur,Playa del Carmen,8,Agosto,9,662342.61,638897.39,30977.030000000002,0.9646025793206933
B4,2026-02-16,Península Sur,Playa del Carmen,9,Septiembre,14,1518349.5499999998,1363841.32,159700.98,0.8982393546993183
B4,2026-02-16,Península Sur,Playa del Carmen,10,Octubre,14,1494511.9699999997,1310725.3,143319.86,0.9041173554468086
B4,2026-02-16,Península Sur,Playa del Carmen,11,Noviembre,12,1027755.73,739920.68,67901.41,0.9339323459670713
B4,2026-02-16,Península Sur,Playa del Carmen,12,Diciembre,18,1722388.8900000001,850727.49,915.96,0.9994682037225635
B4,2026-02-16,Península Sur,Valladolid,1,Enero,17,968783.1399999999,184432.0,0.0,1.0
B4,2026-02-16,Península Sur,Valladolid,2,Febrero,14,1091906.44,25126.0,0.0,1.0
B4,2026-02-16,Península Sur,Valladolid,8,Agosto,15,832031.0300000001,754942.88,77091.53,0.9073494290230977
B4,2026-02-16,Península Sur,Valladolid,9,Septiembre,10,567848.85,550936.52,16935.23,0.9702168455567006
B4,2026-02-16,Península Sur,Valladolid,10,Octubre,21,1224025.2799999998,1147752.45,62658.0,0.9488568814526447
B4,2026-02-16,Península Sur,Valladolid,11,Noviembre,12,913192.31,705844.63,10481.29,0.9885235564456296
B4,2026-02-16,Península Sur,Valladolid,12,Diciembre,19,1342395.83,664434.5,5723.93,0.9957360341323468
B5,2026-03-02,Bajío Occidente,Fresnillo,1,Enero,22,1741950.84,557898.0,219672.7,0.8738927098539704
B5,2026-03-02,Bajío Occidente,Fresnillo,2,Febrero,26,2056929.2099999997,170574.0,0.0,1.0
B5,2026-03-02,Bajío Occidente,Fresnillo,9,Septiembre,25,1952873.96,1645023.25,307944.85,0.8423601746423001
B5,2026-03-02,Bajío Occidente,Fresnillo,10,Octubre,29,2085873.5,1549319.8000000003,510283.07,0.7558148660501225
B5,2026-03-02,Bajío Occidente,Fresnillo,11,Noviembre,20,2048947.3599999999,1285365.66,536690.68,0.7380746619083469
B5,2026-03-02,Bajío Occidente,Fresnillo,12,Diciembre,16,1870547.83,886264.4,547719.7,0.7071875462281015
B5,2026-03-02,Bajío Occidente,Guadalajara,1,Enero,21,2093055.5799999998,664341.0,0.0,1.0
B5,2026-03-02,Bajío Occidente,Guadalajara,2,Febrero,19,1910408.3499999999,168840.0,0.0,1.0000000000000002
B5,2026-03-02,Bajío Occidente,Guadalajara,9,Septiembre,23,3077419.99,2991761.5599999996,86226.26999999999,0.9721655054304107
B5,2026-03-02,Bajío Occidente,Guadalajara,10,Octubre,28,2834081.24,2023271.85,768581.1100000001,0.7313218480638896
B5,2026-03-02,Bajío Occidente,Guadalajara,11,Noviembre,21,3433871.9899999998,2680688.9899999998,281919.98,0.9183126683764353
B5,2026-03-02,Bajío Occidente,Guadalajara,12,Diciembre,20,2694253.3100000005,1601724.0,93970.37000000001,0.965121924634473
B5,2026-03-02,Bajío Occidente,Irapuato,1,Enero,32,2938827.69,855114.0,65677.0,0.9776519731920724
B5,2026-03-02,Bajío Occidente,Irapuato,2,Febrero,17,1685477.3299999998,124598.0,0.0,1.0
B5,2026-03-02,Bajío Occidente,Irapuato,9,Septiembre,31,2196772.38,2156502.15,41586.479999999996,0.9816684557914918
B5,2026-03-02,Bajío Occidente,Irapuato,10,Octubre,31,1921394.94,1795699.83,116335.24999999999,0.9398241311075797
B5,2026-03-02,Bajío Occidente,Irapuato,11,Noviembre,24,2421524.9299999997,1977533.08,204166.81,0.915693554309185
B5,2026-03-02,Bajío Occidente,Irapuato,12,Diciembre,32,2890920.15,1611433.79,218772.59000000003,0.924324236350838
B5,2026-03-02,Bajío Occidente,Morelia,1,Enero,13,1020019.24,298484.0,4089.0,0.9959912520865782
B5,2026-03-02,Bajío Occidente,Morelia,2,Febrero,18,1743524.16,165304.0,0.0,1.0
B5,2026-03-02,Bajío Occidente,Morelia,9,Septiembre,26,1649305.97,1363676.31,285730.33,0.8268182707178342
B5,2026-03-02,Bajío Occidente,Morelia,10,Octubre,24,1827155.3800000001,1498128.67,210310.43000000002,0.8849543381472024
B5,2026-03-02,Bajío Occidente,Morelia,11,Noviembre,22,1865061.9100000001,1031058.0,352329.78,0.811089498900334
B5,2026-03-02,Bajío Occidente,Morelia,12,Diciembre,13,1484903.74,772192.0,2996.52,0.9979820106049433
B5,2026-03-02,Centro,Pachuca,1,Enero,7,766533.86,199924.0,51672.93,0.9325888487170024
B5,2026-03-02,Centro,Pachuca,2,Febrero,8,686602.35,64869.0,0.0,1.0
B5,2026-03-02,Centro,Pachuca,9,Septiembre,11,910549.0099999999,870883.84,39681.16,0.9564381822786234
B5,2026-03-02,Centro,Pachuca,10,Octubre,8,569145.01,434713.05,134463.75,0.7638001605249952
B5,2026-03-02,Centro,Pachuca,11,Noviembre,7,480224.05000000005,344309.98,93573.5,0.8051780205510323
B5,2026-03-02,Centro,Pachuca,12,Diciembre,5,415770.56,205484.0,75733.0,0.8178490559793363
B5,2026-03-02,Centro,San Juan del Río,1,Enero,10,965642.3300000001,282740.0,0.0,0.9999999999999999
B5,2026-03-02,Centro,San Juan del Río,2,Febrero,13,1131927.79,111579.0,0.0,1.0
B5,2026-03-02,Centro,San Juan del Río,9,Septiembre,15,1619334.8800000001,1437623.74,181730.94,0.8877865583924184
B5,2026-03-02,Centro,San Juan del Río,10,Octubre,20,1844998.97,1448105.98,371426.68,0.7987103483315224
B5,2026-03-02,Centro,San Juan del Río,11,Noviembre,19,1648403.1299999997,1190641.49,199036.99,0.8792546638758204
B5,2026-03-02,Centro,San Juan del Río,12,Diciembre,18,1901423.8,1099952.54,7090.14,0.9962711416571098
B5,2026-03-02,Centro,Tequisquiapan,1,Enero,6,410363.43999999994,110601.0,0.0,1.0000000000000002
B5,2026-03-02,Centro,Tequisquiapan,2,Febrero,12,1109136.7600000002,103113.6,0.0,1.0
B5,2026-03-02,Centro,Tequisquiapan,9,Septiembre,9,797976.1,789970.81,8011.96,0.9899680078137679
B5,2026-03-02,Centro,Tequisquiapan,10,Octubre,13,1153370.6800000002,1025217.3300000001,128179.29999999999,0.888887976587024
B5,2026-03-02,Centro,Tequisquiapan,11,Noviembre,11,1076319.78,792180.6,170398.74000000002,0.8416844202194259
B5,2026-03-02,Centro,Tequisquiapan,12,Diciembre,12,1797320.2100000002,1095849.0,182414.93,0.8985072726690142
B5,2026-03-02,Centro,Valle de Toluca,1,Enero,21,1228071.5799999998,419899.0,1474.8,0.9987990928020662
B5,2026-03-02,Centro,Valle de Toluca,2,Febrero,29,2361501.89,251081.0,891.13,0.9996226426903262
B5,2026-03-02,Centro,Valle de Toluca,9,Septiembre,31,4919821.129999999,1652649.6700000004,3270543.49,0.3359166169522916
B5,2026-03-02,Centro,Valle de Toluca,10,Octubre,30,1917459.2200000002,1638079.24,247268.09,0.871072387135305
B5,2026-03-02,Centro,Valle de Toluca,11,Noviembre,27,1811408.2200000002,1315273.9,226575.19,0.87515772673263
B5,2026-03-02,Centro,Valle de Toluca,12,Diciembre,24,2016601.82,1250110.6,34012.76,0.9831336262505208
B5,2026-03-02,Centro,Zinacantepec,1,Enero,25,2183979.64,631811.0,177771.37,0.9186020937447931
B5,2026-03-02,Centro,Zinacantepec,2,Febrero,24,1966248.45,161397.0,0.0,1.0
B5,2026-03-02,Centro,Zinacantepec,9,Septiembre,20,1621420.48,1583690.38,39333.4,0.9767302186783775
B5,2026-03-02,Centro,Zinacantepec,10,Octubre,36,2327259.35,2036257.67,284532.99000000005,0.8788670630972005
B5,2026-03-02,Centro,Zinacantepec,11,Noviembre,22,1968793.35,1454639.5499999998,256190.09000000003,0.8698788829208507
B5,2026-03-02,Centro,Zinacantepec,12,Diciembre,24,2321025.96,1267630.0,159654.88,0.9312136603590595
B5,2026-03-02,Suc. Digital,Salamanca,1,Enero,35,4483373.64,1275810.0,0.0,1.0000000000000002
B5,2026-03-02,Suc. Digital,Salamanca,2,Febrero,40,5219277.66,502512.0,0.0,1.0
B5,2026-03-02,Suc. Digital,Salamanca,9,Septiembre,44,5193544.569999999,4578446.46,615260.5400000002,0.8815648731401954
B5,2026-03-02,Suc. Digital,Salamanca,10,Octubre,44,5718173.869999999,4610045.2,908676.32,0.8426474761950533
B5,2026-03-02,Suc. Digital,Salamanca,11,Noviembre,45,6201141.850000001,4317458.45,299327.86,0.9517317234083267
B5,2026-03-02,Suc. Digital,Salamanca,12,Diciembre,43,4952196.68,2604882.0,61730.6,0.9875347034883922
B5,2026-03-02,Península Sur,Cancún,1,Enero,20,1766781.62,585929.0,0.0,1.0
B5,2026-03-02,Península Sur,Cancún,2,Febrero,35,3096003.7199999997,311260.0,0.0,1.0
B5,2026-03-02,Península Sur,Cancún,9,Septiembre,30,2608579.8799999994,2176087.4499999997,434175.1,0.8342038772452697
B5,2026-03-02,Península Sur,Cancún,10,Octubre,36,3113255.3400000003,2745026.69,338516.55,0.8913110641287778
B5,2026-03-02,Península Sur,Cancún,11,Noviembre,35,3198759.3000000003,2517771.2199999997,268017.38,0.9162677666931675
B5,2026-03-02,Península Sur,Cancún,12,Diciembre,38,3586939.1300000004,2035681.0,250544.40999999997,0.9301509167232507
B5,2026-03-02,Península Sur,Cozumel,1,Enero,17,1692771.0999999999,549264.0,0.0,1.0
B5,2026-03-02,Península Sur,Cozumel,2,Febrero,17,1547970.89,110533.0,0.0,1.0
B5,2026-03-02,Península Sur,Cozumel,9,Septiembre,17,1440909.62,1386847.5,54883.549999999996,0.9624805614109231
B5,2026-03-02,Península Sur,Cozumel,10,Octubre,16,1258692.4100000001,1258719.66,0.0,1.0000216494512744
B5,2026-03-02,Península Sur,Cozumel,11,Noviembre,25,2057859.1600000001,1691248.06,93063.45,0.9547797284630499
B5,2026-03-02,Península Sur,Cozumel,12,Diciembre,15,1343179.8599999999,776009.0,3121.6800000000003,0.9976759032107584
B5,2026-03-02,Península Sur,Motul,1,Enero,15,1008371.5500000002,318080.0,2761.1,0.9972618227874437
B5,2026-03-02,Península Sur,Motul,2,Febrero,17,1284450.78,71789.0,0.0,1.0
B5,2026-03-02,Península Sur,Motul,9,Septiembre,23,1738427.8399999999,1367669.0199999998,370793.99,0.7867275181235017
B5,2026-03-02,Península Sur,Motul,10,Octubre,26,1921900.66,1726490.73,111314.93,0.942088567678623
B5,2026-03-02,Península Sur,Motul,11,Noviembre,25,1997053.23,1409201.67,310008.9,0.8447773322496765
B5,2026-03-02,Península Sur,Motul,12,Diciembre,25,1706841.2899999998,830808.0,72378.71,0.9575949384257046
B5,2026-03-02,Península Sur,Mérida,1,Enero,8,542738.55,170277.0,0.0,1.0
B5,2026-03-02,Península Sur,Mérida,2,Febrero,14,980761.8100000002,88617.0,0.0,1.0
B5,2026-03-02,Península Sur,Mérida,9,Septiembre,5,290644.37,244892.76,45756.31,0.8425855969616752
B5,2026-03-02,Península Sur,Mérida,10,Octubre,6,503924.74,310597.48,193340.53000000003,0.6163568790053848
B5,2026-03-02,Península Sur,Mérida,11,Noviembre,7,532820.48,443737.84,84293.94,0.8417986110443803
B5,2026-03-02,Península Sur,Mérida,12,Diciembre,9,522140.15,303273.0,34652.87,0.933633010217659
B5,2026-03-02,Península Sur,Playa del Carmen,1,Enero,17,1768980.0599999998,582028.5,0.0,1.0
B5,2026-03-02,Península Sur,Playa del Carmen,2,Febrero,17,1295791.46,89747.93,0.0,0.9999999999999998
B5,2026-03-02,Península Sur,Playa del Carmen,9,Septiembre,13,1353549.55,1193891.3199999998,159700.98,0.8820447836579014
B5,2026-03-02,Península Sur,Playa del Carmen,10,Octubre,14,1494511.9699999997,1332261.1700000002,143319.86,0.9041174892697583
B5,2026-03-02,Península Sur,Playa del Carmen,11,Noviembre,12,1027755.73,863685.6299999999,67019.41,0.9348060263307896
B5,2026-03-02,Península Sur,Playa del Carmen,12,Diciembre,18,1722388.8900000001,1052865.37,1841.2,0.9989310195794401
B5,2026-03-02,Península Sur,Valladolid,1,Enero,17,968783.1399999999,300767.0,49134.0,0.949282767245516
B5,2026-03-02,Península Sur,Valladolid,2,Febrero,23,1726380.99,168846.0,0.0,0.9999999999999999
B5,2026-03-02,Península Sur,Valladolid,9,Septiembre,9,533892.26,516979.23,16935.23,0.9683212676655023
B5,2026-03-02,Península Sur,Valladolid,10,Octubre,21,1224025.2799999998,1151900.65,72182.16,0.9410758656880028
B5,2026-03-02,Península Sur,Valladolid,11,Noviembre,12,913192.31,834578.7100000001,0.0,1.0001945920898085
B5,2026-03-02,Península Sur,Valladolid,12,Diciembre,19,1342395.83,821781.5,13155.75,0.9901997982219596
B6,2026-03-16,Bajío Occidente,Fresnillo,1,Enero,22,1741950.84,735098.0,209625.7,0.8796603812309653
B6,2026-03-16,Bajío Occidente,Fresnillo,2,Febrero,26,2056929.2099999997,397780.0,0.0,1.0000000000000002
B6,2026-03-16,Bajío Occidente,Fresnillo,3,Marzo,12,1255673.6100000003,8024.0,0.0,1.0
B6,2026-03-16,Bajío Occidente,Fresnillo,9,Septiembre,16,1222022.7000000002,1015547.6,206543.47999999998,0.8310382450342371
B6,2026-03-16,Bajío Occidente,Fresnillo,10,Octubre,29,2085873.5,1576535.6800000002,510283.07,0.7558155755850008
B6,2026-03-16,Bajío Occidente,Fresnillo,11,Noviembre,20,2048947.3599999999,1413558.33,568267.7999999999,0.7226802791068289
B6,2026-03-16,Bajío Occidente,Fresnillo,12,Diciembre,16,1870547.83,1036489.0,545894.7,0.7081664038497214
B6,2026-03-16,Bajío Occidente,Guadalajara,1,Enero,21,2093055.5799999998,906596.0,15397.8,0.9926433869472305
B6,2026-03-16,Bajío Occidente,Guadalajara,2,Febrero,19,1910408.3499999999,397160.0,0.0,1.0000000000000002
B6,2026-03-16,Bajío Occidente,Guadalajara,3,Marzo,12,2595057.1500000004,131883.0,0.0,1.0
B6,2026-03-16,Bajío Occidente,Guadalajara,9,Septiembre,11,1386859.7200000002,1336850.95,50156.54,0.9639410033481971
B6,2026-03-16,Bajío Occidente,Guadalajara,10,Octubre,28,2834081.24,2064115.5499999998,778916.79,0.7283191183326839
B6,2026-03-16,Bajío Occidente,Guadalajara,11,Noviembre,21,3433871.9899999998,3135074.45,277766.98,0.9203864119582397
B6,2026-03-16,Bajío Occidente,Guadalajara,12,Diciembre,20,2694253.3100000005,1935962.96,99130.56,0.9632067409430033
B6,2026-03-16,Bajío Occidente,Irapuato,1,Enero,32,2938827.69,1191737.0,66559.8,0.977351581303496
B6,2026-03-16,Bajío Occidente,Irapuato,2,Febrero,17,1685477.3299999998,320503.0,0.0,1.0000000000000002
B6,2026-03-16,Bajío Occidente,Irapuato,3,Marzo,19,1565378.1300000001,31363.0,0.0,1.0
B6,2026-03-16,Bajío Occidente,Irapuato,9,Septiembre,17,1281916.57,1253642.29,29237.68,0.9779437440300814
B6,2026-03-16,Bajío Occidente,Irapuato,10,Octubre,31,1921394.94,1805538.66,111028.75,0.9427058915852042
B6,2026-03-16,Bajío Occidente,Irapuato,11,Noviembre,24,2421524.9299999997,2160163.16,222931.84000000003,0.9081376998253742
B6,2026-03-16,Bajío Occidente,Irapuato,12,Diciembre,32,2890920.15,1901977.08,237635.92,0.9178028940024511
B6,2026-03-16,Bajío Occidente,Morelia,1,Enero,13,1020019.24,413458.0,6798.1900000000005,0.9933352335589278
B6,2026-03-16,Bajío Occidente,Morelia,2,Febrero,18,1743524.16,350914.0,0.0,1.0
B6,2026-03-16,Bajío Occidente,Morelia,3,Marzo,10,769214.69,16149.0,0.0,1.0
B6,2026-03-16,Bajío Occidente,Morelia,9,Septiembre,17,1081300.26,868077.4099999999,213306.51999999996,0.8028088423838906
B6,2026-03-16,Bajío Occidente,Morelia,10,Octubre,24,1827155.3800000001,1578667.99,202142.99000000002,0.889809256397231
B6,2026-03-16,Bajío Occidente,Morelia,11,Noviembre,22,1865061.9100000001,1187715.19,338935.9600000001,0.8182709334297645
B6,2026-03-16,Bajío Occidente,Morelia,12,Diciembre,13,1484903.74,908306.0,17819.879999999997,0.9879993029043082
B6,2026-03-16,Centro,Pachuca,1,Enero,7,766533.86,280392.0,51672.93,0.9325888487170024
B6,2026-03-16,Centro,Pachuca,2,Febrero,8,686602.35,139541.0,0.0,1.0
B6,2026-03-16,Centro,Pachuca,3,Marzo,7,527667.72,20242.0,0.0,1.0
B6,2026-03-16,Centro,Pachuca,9,Septiembre,6,576414.19,576430.18,0.0,1.0000277404690543
B6,2026-03-16,Centro,Pachuca,10,Octubre,8,569145.01,436282.05,132894.75,0.7665569272055992
B6,2026-03-16,Centro,Pachuca,11,Noviembre,7,480224.05000000005,378689.81999999995,101550.17,0.788569043970205
B6,2026-03-16,Centro,Pachuca,12,Diciembre,5,415770.56,251146.0,69421.0,0.8330305060560325
B6,2026-03-16,Centro,San Juan del Río,1,Enero,10,965642.3300000001,390868.0,883.33,0.9990852410125807
B6,2026-03-16,Centro,San Juan del Río,2,Febrero,13,1131927.79,251269.0,0.0,1.0
B6,2026-03-16,Centro,San Juan del Río,3,Marzo,10,915704.1099999999,35169.0,0.0,1.0
B6,2026-03-16,Centro,San Juan del Río,9,Septiembre,7,866604.7500000001,776534.1,90070.58,0.896064901559794
B6,2026-03-16,Centro,San Juan del Río,10,Octubre,20,1844998.97,1462428.98,375273.87,0.7966254745388829
B6,2026-03-16,Centro,San Juan del Río,11,Noviembre,19,1648403.1299999997,1394424.03,195305.2,0.8815481319790992
B6,2026-03-16,Centro,San Juan del Río,12,Diciembre,18,1901423.8,1281396.54,181217.9,0.9046935775180682
B6,2026-03-16,Centro,Tequisquiapan,1,Enero,6,410363.43999999994,147467.0,0.0,1.0000000000000002
B6,2026-03-16,Centro,Tequisquiapan,2,Febrero,12,1109136.7600000002,228326.6,0.0,1.0
B6,2026-03-16,Centro,Tequisquiapan,3,Marzo,5,571911.89,13632.0,0.0,1.0
B6,2026-03-16,Centro,Tequisquiapan,9,Septiembre,6,579886.18,579892.86,0.0,1.000011519501982
B6,2026-03-16,Centro,Tequisquiapan,10,Octubre,13,1153370.6800000002,1025217.3300000001,128179.29999999999,0.888887976587024
B6,2026-03-16,Centro,Tequisquiapan,11,Noviembre,11,1076319.78,877913.6499999999,180166.63,0.838531658314409
B6,2026-03-16,Centro,Tequisquiapan,12,Diciembre,12,1797320.2100000002,1309087.28,261650.31999999998,0.8544222011502335
B6,2026-03-16,Centro,Valle de Toluca,1,Enero,21,1228071.5799999998,557061.0,53007.22,0.9568370273661087
B6,2026-03-16,Centro,Valle de Toluca,2,Febrero,29,2361501.89,534037.0,8120.610000000001,0.9965612519581766
B6,2026-03-16,Centro,Valle de Toluca,3,Marzo,12,837337.5700000001,23619.0,0.0,1.0
B6,2026-03-16,Centro,Valle de Toluca,9,Septiembre,13,1163798.31,977244.9099999999,187987.44000000003,0.8397029808369456
B6,2026-03-16,Centro,Valle de Toluca,10,Octubre,30,1917459.2200000002,1671355.34,240484.49,0.8746110438792016
B6,2026-03-16,Centro,Valle de Toluca,11,Noviembre,27,1811408.2200000002,1464615.7200000002,239112.67000000004,0.8682507469244011
B6,2026-03-16,Centro,Valle de Toluca,12,Diciembre,24,2016601.82,1460237.12,77134.7,0.9617501584918733
B6,2026-03-16,Centro,Zinacantepec,1,Enero,24,2078357.8800000001,799856.0,370011.89,0.8219691163102284
B6,2026-03-16,Centro,Zinacantepec,2,Febrero,24,1966248.45,369337.0,8857.16,0.995495401407691
B6,2026-03-16,Centro,Zinacantepec,3,Marzo,12,1238034.36,70785.0,516.52,0.9995827902547066
B6,2026-03-16,Centro,Zinacantepec,9,Septiembre,10,809140.32,771232.55,39333.4,0.9531505610794431
B6,2026-03-16,Centro,Zinacantepec,10,Octubre,36,2327259.35,2057624.29,272272.70999999996,0.8841405191905234
B6,2026-03-16,Centro,Zinacantepec,11,Noviembre,22,1968793.35,1637650.38,261793.88,0.8685827133660321
B6,2026-03-16,Centro,Zinacantepec,12,Diciembre,24,2321025.96,1490828.0,211038.32,0.9090754159423534
B6,2026-03-16,Suc. Digital,Salamanca,1,Enero,35,4483373.64,1724961.0,0.0,1.0000000000000002
B6,2026-03-16,Suc. Digital,Salamanca,2,Febrero,40,5219277.66,1016883.0,2630.01,0.9994960969369083
B6,2026-03-16,Suc. Digital,Salamanca,3,Marzo,17,2410670.5600000005,122043.83,0.0,0.9999999999999998
B6,2026-03-16,Suc. Digital,Salamanca,9,Septiembre,24,3289000.28,2955586.21,333476.87,0.8986275337136791
B6,2026-03-16,Suc. Digital,Salamanca,10,Octubre,44,5718173.869999999,4773421.3500000015,934860.92,0.8387136276428059
B6,2026-03-16,Suc. Digital,Salamanca,11,Noviembre,45,6201141.850000001,4952736.77,315545.86,0.949117361345314
B6,2026-03-16,Suc. Digital,Salamanca,12,Diciembre,43,4952196.68,3079597.17,179164.53,0.9638213924896052
B6,2026-03-16,Península Sur,Cancún,1,Enero,20,1766781.62,784477.0,6259.73,0.996456987140267
B6,2026-03-16,Península Sur,Cancún,2,Febrero,35,3096003.7199999997,669225.0,0.0,1.0
B6,2026-03-16,Península Sur,Cancún,3,Marzo,16,1298887.44,46147.0,0.0,1.0
B6,2026-03-16,Península Sur,Cancún,9,Septiembre,19,1620674.34,1431432.66,189290.05,0.883232753595642
B6,2026-03-16,Península Sur,Cancún,10,Octubre,36,3113255.3400000003,2767687.21,345713.87,0.889001031955188
B6,2026-03-16,Península Sur,Cancún,11,Noviembre,35,3198759.3000000003,2791312.0700000003,268017.08,0.9162848076752759
B6,2026-03-16,Península Sur,Cancún,12,Diciembre,38,3586939.1300000004,2355973.0,392977.42000000004,0.8904423421314095
B6,2026-03-16,Península Sur,Cozumel,1,Enero,17,1692771.0999999999,737961.0,45483.74,0.9731306022414964
B6,2026-03-16,Península Sur,Cozumel,2,Febrero,17,1547970.89,296408.0,2880.34,0.9981392802548115
B6,2026-03-16,Península Sur,Cozumel,3,Marzo,11,752422.7300000001,18112.0,0.0,1.0
B6,2026-03-16,Península Sur,Cozumel,9,Septiembre,8,744763.01,724102.82,21264.67,0.9722593768452598
B6,2026-03-16,Península Sur,Cozumel,10,Octubre,16,1258692.4100000001,1258719.66,0.0,1.0000216494512744
B6,2026-03-16,Península Sur,Cozumel,11,Noviembre,25,2057859.1600000001,1869380.03,98517.04999999999,0.9521655748297175
B6,2026-03-16,Península Sur,Cozumel,12,Diciembre,15,1343179.8599999999,936407.41,66601.94,0.9504147270343973
B6,2026-03-16,Península Sur,Motul,1,Enero,15,1008371.5500000002,423905.0,37362.8,0.9629473877956988
B6,2026-03-16,Península Sur,Motul,2,Febrero,17,1284450.78,213259.0,0.0,1.0
B6,2026-03-16,Península Sur,Motul,3,Marzo,15,1042073.6000000001,15594.0,0.0,1.0
B6,2026-03-16,Península Sur,Motul,9,Septiembre,12,1050471.36,820790.9900000001,229714.03999999998,0.7813549433656144
B6,2026-03-16,Península Sur,Motul,10,Octubre,26,1921900.66,1791552.13,108603.93,0.9434991140489021
B6,2026-03-16,Península Sur,Motul,11,Noviembre,25,1997053.23,1504024.71,363778.57999999996,0.8178535581647965
B6,2026-03-16,Península Sur,Motul,12,Diciembre,25,1706841.2899999998,1006300.0,93223.31,0.9453827895152455
B6,2026-03-16,Península Sur,Mérida,1,Enero,8,542738.55,230560.0,0.0,1.0
B6,2026-03-16,Península Sur,Mérida,2,Febrero,14,980761.8100000002,207533.0,0.0,0.9999999999999999
B6,2026-03-16,Península Sur,Mérida,3,Marzo,2,112204.37,3691.0,0.0,1.0
B6,2026-03-16,Península Sur,Mérida,9,Septiembre,3,168306.56,123108.59,45202.67,0.731454495891307
B6,2026-03-16,Península Sur,Mérida,10,Octubre,6,503924.74,310597.48,193340.53000000003,0.6163568790053848
B6,2026-03-16,Península Sur,Mérida,11,Noviembre,7,532820.48,451361.84,81283.60999999999,0.8474484126435982
B6,2026-03-16,Península Sur,Mérida,12,Diciembre,9,522140.15,349110.0,48850.29,0.9064421879834369
B6,2026-03-16,Península Sur,Playa del Carmen,1,Enero,17,1768980.0599999998,790263.72,7908.900000000001,0.9955291186266962
B6,2026-03-16,Península Sur,Playa del Carmen,2,Febrero,17,1295791.46,256355.86,0.0,1.0
B6,2026-03-16,Península Sur,Playa del Carmen,3,Marzo,11,941094.0299999999,16028.0,4047.0,0.9956996858220427
B6,2026-03-16,Península Sur,Playa del Carmen,9,Septiembre,6,610404.91,582389.1,28026.95,0.9541029085103525
B6,2026-03-16,Península Sur,Playa del Carmen,10,Octubre,14,1494511.9699999997,1351221.4000000001,143319.86,0.9041221663818461
B6,2026-03-16,Península Sur,Playa del Carmen,11,Noviembre,12,1027755.73,934821.4299999999,83301.20000000001,0.9253830090541066
B6,2026-03-16,Península Sur,Playa del Carmen,12,Diciembre,18,1722388.8900000001,1286709.2,2264.44,0.998686312938305
B6,2026-03-16,Península Sur,Valladolid,1,Enero,17,968783.1399999999,407925.0,50874.0,0.947486699654992
B6,2026-03-16,Península Sur,Valladolid,2,Febrero,23,1726380.99,378664.0,0.0,0.9999999999999999
B6,2026-03-16,Península Sur,Valladolid,3,Marzo,11,775712.4199999999,22440.0,0.0,1.0
B6,2026-03-16,Península Sur,Valladolid,9,Septiembre,5,259369.39,242456.36,16935.23,0.9347917269651596
B6,2026-03-16,Península Sur,Valladolid,10,Octubre,21,1224025.2799999998,1151900.65,72182.16,0.9410758656880028
B6,2026-03-16,Península Sur,Valladolid,11,Noviembre,12,913192.31,892870.68,0.0,1.0002079518168523
B6,2026-03-16,Península Sur,Valladolid,12,Diciembre,19,1342395.83,1007256.78,84791.72,0.9368414903374663
B7,2026-03-30,Bajío Occidente,Fresnillo,1,Enero,22,1741950.84,901661.0,225914.33000000002,0.8703095834782572
B7,2026-03-30,Bajío Occidente,Fresnillo,2,Febrero,26,2056929.2099999997,617630.0,49058.67,0.9761495583992413
B7,2026-03-30,Bajío Occidente,Fresnillo,3,Marzo,18,2105961.72,166627.0,0.0,0.9999999999999998
B7,2026-03-30,Bajío Occidente,Fresnillo,9,Septiembre,2,126255.46,126255.47,0.0,1.0000000792044954
B7,2026-03-30,Bajío Occidente,Fresnillo,10,Octubre,29,2085873.5,1576535.6800000002,510283.07,0.7558155755850008
B7,2026-03-30,Bajío Occidente,Fresnillo,11,Noviembre,20,2048947.3599999999,1444970.6300000001,568995.65,0.7223252919489352
B7,2026-03-30,Bajío Occidente,Fresnillo,12,Diciembre,16,1870547.83,1209019.44,568033.7,0.6963448296320763
B7,2026-03-30,Bajío Occidente,Guadalajara,1,Enero,21,2093055.5799999998,1117824.0,218789.46999999997,0.8954688675778023
B7,2026-03-30,Bajío Occidente,Guadalajara,2,Febrero,19,1910408.3499999999,605646.0,0.0,1.0000000000000002
B7,2026-03-30,Bajío Occidente,Guadalajara,3,Marzo,21,3374306.7399999998,405682.0,52022.0,0.9845829072433409
B7,2026-03-30,Bajío Occidente,Guadalajara,9,Septiembre,2,209066.35,209071.77000000002,0.0,1.0000259247841654
B7,2026-03-30,Bajío Occidente,Guadalajara,10,Octubre,28,2834081.24,2064115.5499999998,778916.79,0.7283191183326839
B7,2026-03-30,Bajío Occidente,Guadalajara,11,Noviembre,21,3433871.9899999998,3164970.71,273613.98,0.9216915246744536
B7,2026-03-30,Bajío Occidente,Guadalajara,12,Diciembre,20,2694253.3100000005,2202986.8,284938.98,0.8948031987385773
B7,2026-03-30,Bajío Occidente,Irapuato,1,Enero,32,2938827.69,1477483.0,115061.21,0.960847922322387
B7,2026-03-30,Bajío Occidente,Irapuato,2,Febrero,17,1685477.3299999998,530717.0,0.0,1.0
B7,2026-03-30,Bajío Occidente,Irapuato,3,Marzo,29,2648205.8699999996,236312.0,0.0,1.0
B7,2026-03-30,Bajío Occidente,Irapuato,9,Septiembre,3,180908.91,181844.83000000002,0.0,1.0051734323091108
B7,2026-03-30,Bajío Occidente,Irapuato,10,Octubre,31,1921394.94,1807533.66,111028.75,0.9427058915852042
B7,2026-03-30,Bajío Occidente,Irapuato,11,Noviembre,24,2421524.9299999997,2198777.13,195350.93000000002,0.9195354969977535
B7,2026-03-30,Bajío Occidente,Irapuato,12,Diciembre,32,2890920.15,2205022.8200000003,268828.69,0.9071906811400516
B7,2026-03-30,Bajío Occidente,Morelia,1,Enero,12,949153.3200000001,471745.0,41473.87,0.9563043513349351
B7,2026-03-30,Bajío Occidente,Morelia,2,Febrero,18,1743524.16,528948.0,4654.27,0.9973305388552803
B7,2026-03-30,Bajío Occidente,Morelia,3,Marzo,20,1572873.57,151279.0,2397.84,0.9984755036604753
B7,2026-03-30,Bajío Occidente,Morelia,9,Septiembre,5,329956.43,287615.97,42358.56,0.8716786334486647
B7,2026-03-30,Bajío Occidente,Morelia,10,Octubre,24,1827155.3800000001,1609985.29,194484.2,0.8940039133398715
B7,2026-03-30,Bajío Occidente,Morelia,11,Noviembre,22,1865061.9100000001,1342238.91,353615.98,0.8104127975033278
B7,2026-03-30,Bajío Occidente,Morelia,12,Diciembre,13,1484903.74,1076060.3399999999,29041.62,0.980448826938775
B7,2026-03-30,Centro,Pachuca,1,Enero,7,766533.86,360860.0,51672.93,0.9325888487170024
B7,2026-03-30,Centro,Pachuca,2,Febrero,8,686602.35,214213.0,0.0,1.0
B7,2026-03-30,Centro,Pachuca,3,Marzo,12,913077.9600000002,92115.0,0.0,1.0
B7,2026-03-30,Centro,Pachuca,10,Octubre,8,569145.01,436282.05,132894.75,0.7665569272055992
B7,2026-03-30,Centro,Pachuca,11,Noviembre,7,480224.05000000005,382679.81999999995,97560.17,0.796877665747894
B7,2026-03-30,Centro,Pachuca,12,Diciembre,5,415770.56,305667.15,69421.0,0.8330487853685457
B7,2026-03-30,Centro,San Juan del Río,1,Enero,10,965642.3300000001,476920.0,6119.14,0.9936631402643666
B7,2026-03-30,Centro,San Juan del Río,2,Febrero,13,1131927.79,364846.0,71971.7,0.9364167037545743
B7,2026-03-30,Centro,San Juan del Río,3,Marzo,19,1656392.96,179201.0,0.0,1.0
B7,2026-03-30,Centro,San Juan del Río,9,Septiembre,2,186023.03999999998,143154.0,42869.04,0.7695498364073612
B7,2026-03-30,Centro,San Juan del Río,10,Octubre,20,1844998.97,1477118.98,367944.2,0.8006069401762322
B7,2026-03-30,Centro,San Juan del Río,11,Noviembre,19,1648403.1299999997,1465438.41,178533.62,0.8949335105909438
B7,2026-03-30,Centro,San Juan del Río,12,Diciembre,18,1901423.8,1498600.2,268126.19,0.8590006131194949
B7,2026-03-30,Centro,Tequisquiapan,1,Enero,6,410363.43999999994,185018.0,0.0,1.0000000000000002
B7,2026-03-30,Centro,Tequisquiapan,2,Febrero,12,1109136.7600000002,354810.6,0.0,0.9999999999999998
B7,2026-03-30,Centro,Tequisquiapan,3,Marzo,10,1255392.32,109619.0,0.0,1.0
B7,2026-03-30,Centro,Tequisquiapan,10,Octubre,13,1153370.6800000002,1025217.3300000001,128179.29999999999,0.888887976587024
B7,2026-03-30,Centro,Tequisquiapan,11,Noviembre,11,1076319.78,895754.0499999999,186940.79,0.8322378410624395
B7,2026-03-30,Centro,Tequisquiapan,12,Diciembre,12,1797320.2100000002,1422697.41,311454.39999999997,0.8267192466499889
B7,2026-03-30,Centro,Valle de Toluca,1,Enero,21,1228071.5799999998,682277.0,76468.14,0.9377331572154779
B7,2026-03-30,Centro,Valle de Toluca,2,Febrero,29,2361501.89,848553.1,62835.23,0.9733918358202118
B7,2026-03-30,Centro,Valle de Toluca,3,Marzo,29,2620830.81,149659.0,0.0,1.0
B7,2026-03-30,Centro,Valle de Toluca,9,Septiembre,1,45767.57,47198.57,0.0,1.0312666807523319
B7,2026-03-30,Centro,Valle de Toluca,10,Octubre,30,1917459.2200000002,1677720.0,239798.49,0.8749703683398283
B7,2026-03-30,Centro,Valle de Toluca,11,Noviembre,27,1811408.2200000002,1537375.32,255981.59000000003,0.858948343515853
B7,2026-03-30,Centro,Valle de Toluca,12,Diciembre,24,2016601.82,1793983.71,89663.75,0.9555453936860971
B7,2026-03-30,Centro,Zinacantepec,1,Enero,24,2078357.8800000001,964371.0,371466.57999999996,0.8212691935423555
B7,2026-03-30,Centro,Zinacantepec,2,Febrero,24,1966248.45,581620.0,14153.119999999999,0.9928019676252002
B7,2026-03-30,Centro,Zinacantepec,3,Marzo,26,2293977.59,238619.0,4150.9,0.9981905228638263
B7,2026-03-30,Centro,Zinacantepec,9,Septiembre,3,376378.87999999995,355453.36,20930.04,0.9444030440815384
B7,2026-03-30,Centro,Zinacantepec,10,Octubre,36,2327259.35,2065007.29,264889.70999999996,0.8873129202381334
B7,2026-03-30,Centro,Zinacantepec,11,Noviembre,22,1968793.35,1693325.4499999997,253513.88,0.8727946282427252
B7,2026-03-30,Centro,Zinacantepec,12,Diciembre,24,2321025.96,1710778.55,279792.13,0.8794552776135258
B7,2026-03-30,Suc. Digital,Salamanca,1,Enero,35,4483373.64,2144255.0,5451.12,0.9987841477338928
B7,2026-03-30,Suc. Digital,Salamanca,2,Febrero,40,5219277.66,1483162.0,57514.07,0.9889804540500341
B7,2026-03-30,Suc. Digital,Salamanca,3,Marzo,37,5575400.57,523985.83,0.0,1.0000000000000002
B7,2026-03-30,Suc. Digital,Salamanca,9,Septiembre,2,279491.2,90929.0,188562.2,0.32533761349194534
B7,2026-03-30,Suc. Digital,Salamanca,10,Octubre,44,5718173.869999999,4793381.3500000015,919312.92,0.8414326775271704
B7,2026-03-30,Suc. Digital,Salamanca,11,Noviembre,45,6201141.850000001,5541175.29,311809.86,0.9497271232394078
B7,2026-03-30,Suc. Digital,Salamanca,12,Diciembre,43,4952196.68,3602186.67,286251.47,0.942205623384086
B7,2026-03-30,Península Sur,Cancún,1,Enero,20,1766781.62,961868.0,71182.35,0.9597107253130694
B7,2026-03-30,Península Sur,Cancún,2,Febrero,35,3096003.7199999997,1019827.0,116671.64,0.9623154070370432
B7,2026-03-30,Península Sur,Cancún,3,Marzo,35,2980895.85,251132.0,0.0,1.0
B7,2026-03-30,Península Sur,Cancún,9,Septiembre,3,239946.13,239957.52000000002,0.0,1.0000474689881433
B7,2026-03-30,Península Sur,Cancún,10,Octubre,36,3113255.3400000003,2767687.21,345713.87,0.889001031955188
B7,2026-03-30,Península Sur,Cancún,11,Noviembre,35,3198759.3000000003,2859463.21,295738.02,0.9076189039919319
B7,2026-03-30,Península Sur,Cancún,12,Diciembre,38,3586939.1300000004,2712440.34,455214.88,0.873101378779182
B7,2026-03-30,Península Sur,Cozumel,1,Enero,17,1692771.0999999999,916298.0,180327.67,0.8934719112347796
B7,2026-03-30,Península Sur,Cozumel,2,Febrero,17,1547970.89,473718.0,2437.31,0.9984254807272249
B7,2026-03-30,Península Sur,Cozumel,3,Marzo,17,1237356.3800000001,121005.0,0.0,1.0
B7,2026-03-30,Península Sur,Cozumel,9,Septiembre,2,277660.69,277660.69,0.0,1.0
B7,2026-03-30,Península Sur,Cozumel,10,Octubre,16,1258692.4100000001,1258719.66,0.0,1.0000216494512744
B7,2026-03-30,Península Sur,Cozumel,11,Noviembre,25,2057859.1600000001,1929784.1500000001,92188.38,0.9552948511792226
B7,2026-03-30,Península Sur,Cozumel,12,Diciembre,15,1343179.8599999999,1098394.1600000001,64949.29,0.951645128151341
B7,2026-03-30,Península Sur,Motul,1,Enero,15,1008371.5500000002,534056.64,38074.75,0.9622413484394714
B7,2026-03-30,Península Sur,Motul,2,Febrero,17,1284450.78,331548.0,4511.64,0.9964874948341736
B7,2026-03-30,Península Sur,Motul,3,Marzo,21,1433075.2500000002,120388.0,5055.44,0.9964723136485679
B7,2026-03-30,Península Sur,Motul,10,Octubre,26,1921900.66,1799620.3299999998,109611.41,0.9429750078757972
B7,2026-03-30,Península Sur,Motul,11,Noviembre,25,1997053.23,1608308.0900000003,335123.7,0.8322080378398328
B7,2026-03-30,Península Sur,Motul,12,Diciembre,25,1706841.2899999998,1168779.95,97474.15999999999,0.9428923119149527
B7,2026-03-30,Península Sur,Mérida,1,Enero,8,542738.55,290658.0,0.0,1.0
B7,2026-03-30,Península Sur,Mérida,2,Febrero,14,980761.8100000002,328756.0,5072.13,0.9948283773406714
B7,2026-03-30,Península Sur,Mérida,3,Marzo,8,524613.03,25469.0,0.0,1.0
B7,2026-03-30,Península Sur,Mérida,9,Septiembre,1,64960.43,64140.57,819.86,0.9873790860066659
B7,2026-03-30,Península Sur,Mérida,10,Octubre,6,503924.74,310597.48,193340.53000000003,0.6163568790053848
B7,2026-03-30,Península Sur,Mérida,11,Noviembre,7,532820.48,458985.84,73835.64,0.8614267980089654
B7,2026-03-30,Península Sur,Mérida,12,Diciembre,9,522140.15,419000.65,65087.89,0.875519819726562
B7,2026-03-30,Península Sur,Playa del Carmen,1,Enero,17,1768980.0599999998,999603.56,41337.84,0.9766318225203737
B7,2026-03-30,Península Sur,Playa del Carmen,2,Febrero,17,1295791.46,398413.33999999997,2544.99,0.9980359571130373
B7,2026-03-30,Península Sur,Playa del Carmen,3,Marzo,19,1710203.3699999999,133892.0,4047.0,0.9976336147671139
B7,2026-03-30,Península Sur,Playa del Carmen,10,Octubre,14,1494511.9699999997,1351221.4000000001,143319.86,0.9041221663818461
B7,2026-03-30,Península Sur,Playa del Carmen,11,Noviembre,12,1027755.73,935821.4299999999,98547.46,0.9105484919067296
B7,2026-03-30,Península Sur,Playa del Carmen,12,Diciembre,18,1722388.8900000001,1495124.15,12044.68,0.9930410547411275
B7,2026-03-30,Península Sur,Valladolid,1,Enero,17,968783.1399999999,514152.0,75496.53,0.922070763948266
B7,2026-03-30,Península Sur,Valladolid,2,Febrero,23,1726380.99,593673.0,1472.12,0.9991472797670229
B7,2026-03-30,Península Sur,Valladolid,3,Marzo,18,1240858.7599999998,124610.0,0.0,1.0000000000000002
B7,2026-03-30,Península Sur,Valladolid,10,Octubre,21,1224025.2799999998,1151900.65,72182.16,0.9410758656880028
B7,2026-03-30,Península Sur,Valladolid,11,Noviembre,12,913192.31,913473.43,0.0,1.0003078431529937
B7,2026-03-30,Península Sur,Valladolid,12,Diciembre,19,1342395.83,1163197.21,85950.4,0.9359805445760362
B8,2026-04-13,Bajío Occidente,Fresnillo,1,Enero,22,1741950.84,1089514.1,269746.91000000003,0.8451469445601577
B8,2026-04-13,Bajío Occidente,Fresnillo,2,Febrero,26,2056929.2099999997,799001.0,149238.36000000002,0.9274460398177728
B8,2026-04-13,Bajío Occidente,Fresnillo,3,Marzo,18,2105961.72,387609.0,5997.77,0.9971520042634011
B8,2026-04-13,Bajío Occidente,Fresnillo,4,Abril,13,1229096.86,20739.0,4336.85,0.9964715148649879
B8,2026-04-13,Bajío Occidente,Fresnillo,10,Octubre,18,1300082.56,996905.84,303814.62,0.7668019483316505
B8,2026-04-13,Bajío Occidente,Fresnillo,11,Noviembre,20,2048947.3599999999,1481857.1199999999,567145.65,0.7232284971928221
B8,2026-04-13,Bajío Occidente,Fresnillo,12,Diciembre,16,1870547.83,1293603.18,545894.7,0.7081838907054304
B8,2026-04-13,Bajío Occidente,Guadalajara,1,Enero,21,2093055.5799999998,1326501.0,237711.07,0.8864286871923392
B8,2026-04-13,Bajío Occidente,Guadalajara,2,Febrero,19,1910408.3499999999,779563.0,229885.67,0.8796667372187733
B8,2026-04-13,Bajío Occidente,Guadalajara,3,Marzo,23,3636815.86,712717.0,940834.53,0.7413026762372291
B8,2026-04-13,Bajío Occidente,Guadalajara,4,Abril,6,554097.65,7281.0,0.0,1.0
B8,2026-04-13,Bajío Occidente,Guadalajara,10,Octubre,22,2225620.4400000004,1708941.48,523214.5,0.7678494721229284
B8,2026-04-13,Bajío Occidente,Guadalajara,11,Noviembre,21,3433871.9899999998,3164970.71,273613.98,0.9216915246744536
B8,2026-04-13,Bajío Occidente,Guadalajara,12,Diciembre,20,2694253.3100000005,2451607.2399999998,262844.50999999995,0.91267890842825
B8,2026-04-13,Bajío Occidente,Irapuato,1,Enero,32,2938827.69,1821209.37,186973.02999999997,0.93637836248916
B8,2026-04-13,Bajío Occidente,Irapuato,2,Febrero,17,1685477.3299999998,716657.0,4611.0,0.9972642764646381
B8,2026-04-13,Bajío Occidente,Irapuato,3,Marzo,30,2710213.5499999993,538258.73,53793.17,0.9801516858330225
B8,2026-04-13,Bajío Occidente,Irapuato,4,Abril,9,848471.0900000001,28769.0,0.0,1.0
B8,2026-04-13,Bajío Occidente,Irapuato,10,Octubre,20,1116187.6400000001,1055702.5499999998,61625.73999999999,0.945811001813279
B8,2026-04-13,Bajío Occidente,Irapuato,11,Noviembre,24,2421524.9299999997,2201740.13,220288.93,0.909237027760024
B8,2026-04-13,Bajío Occidente,Irapuato,12,Diciembre,32,2890920.15,2399206.9299999997,294135.02999999997,0.8984369665139316
B8,2026-04-13,Bajío Occidente,Morelia,1,Enero,12,949153.3200000001,561275.0,41857.73,0.955899927737702
B8,2026-04-13,Bajío Occidente,Morelia,2,Febrero,18,1743524.16,708773.0,4653.2,0.9973311525548348
B8,2026-04-13,Bajío Occidente,Morelia,3,Marzo,23,1971312.24,345899.0,38380.92,0.9805302685078443
B8,2026-04-13,Bajío Occidente,Morelia,4,Abril,12,960313.37,17501.0,0.0,1.0
B8,2026-04-13,Bajío Occidente,Morelia,10,Octubre,19,1438972.7,1256215.75,176907.03,0.8775726113497497
B8,2026-04-13,Bajío Occidente,Morelia,11,Noviembre,22,1865061.9100000001,1472098.83,353583.91000000003,0.810435954911545
B8,2026-04-13,Bajío Occidente,Morelia,12,Diciembre,13,1484903.74,1224736.4300000002,59588.3,0.9598844905596373
B8,2026-04-13,Centro,Pachuca,1,Enero,7,766533.86,441328.0,51672.93,0.9325888487170024
B8,2026-04-13,Centro,Pachuca,2,Febrero,8,686602.35,280339.0,0.0,1.0
B8,2026-04-13,Centro,Pachuca,3,Marzo,12,913077.9600000002,200630.0,0.0,0.9999999999999999
B8,2026-04-13,Centro,Pachuca,4,Abril,6,502796.74999999994,2272.0,0.0,1.0
B8,2026-04-13,Centro,Pachuca,10,Octubre,7,437883.57,375966.05000000005,61949.31,0.8585982113921288
B8,2026-04-13,Centro,Pachuca,11,Noviembre,7,480224.05000000005,386669.15,93570.84,0.80518489234348
B8,2026-04-13,Centro,Pachuca,12,Diciembre,5,415770.56,337500.15,69421.0,0.83305058924807
B8,2026-04-13,Centro,San Juan del Río,1,Enero,10,965642.3300000001,582009.0,16254.99,0.9831666555048388
B8,2026-04-13,Centro,San Juan del Río,2,Febrero,13,1131927.79,464741.0,128597.12000000001,0.8863910568005403
B8,2026-04-13,Centro,San Juan del Río,3,Marzo,20,1867036.16,386626.0,0.0,1.0
B8,2026-04-13,Centro,San Juan del Río,4,Abril,6,629903.79,39801.0,0.0,1.0
B8,2026-04-13,Centro,San Juan del Río,10,Octubre,15,1415634.16,1094658.65,321038.33,0.7732638000201972
B8,2026-04-13,Centro,San Juan del Río,11,Noviembre,19,1648403.1299999997,1479486.2,174258.62,0.8975269295927629
B8,2026-04-13,Centro,San Juan del Río,12,Diciembre,18,1901423.8,1615774.2,252561.36,0.8671941100137697
B8,2026-04-13,Centro,Tequisquiapan,1,Enero,6,410363.43999999994,238525.6,0.0,1.0000000000000002
B8,2026-04-13,Centro,Tequisquiapan,2,Febrero,12,1109136.7600000002,469122.6,5695.46,0.9948649614678715
B8,2026-04-13,Centro,Tequisquiapan,3,Marzo,13,1562757.65,260324.0,0.0,1.0
B8,2026-04-13,Centro,Tequisquiapan,4,Abril,2,219582.08000000002,13725.0,0.0,1.0
B8,2026-04-13,Centro,Tequisquiapan,10,Octubre,8,801747.74,694129.89,107642.95000000001,0.8657709343839249
B8,2026-04-13,Centro,Tequisquiapan,11,Noviembre,11,1076319.78,895754.0499999999,186940.79,0.8322378410624395
B8,2026-04-13,Centro,Tequisquiapan,12,Diciembre,12,1797320.2100000002,1499066.0,298268.39999999997,0.8340561640933197
B8,2026-04-13,Centro,Valle de Toluca,1,Enero,21,1228071.5799999998,856190.31,82978.34,0.9324320004213437
B8,2026-04-13,Centro,Valle de Toluca,2,Febrero,29,2361501.89,1081260.1,60123.76,0.9745400330803886
B8,2026-04-13,Centro,Valle de Toluca,3,Marzo,30,2690220.36,470775.0,2625.08,0.9990242137636637
B8,2026-04-13,Centro,Valle de Toluca,4,Abril,15,1023949.7400000002,31274.0,0.0,1.0
B8,2026-04-13,Centro,Valle de Toluca,10,Octubre,22,1433839.6500000001,1226533.05,207340.37,0.8554185609248564
B8,2026-04-13,Centro,Valle de Toluca,11,Noviembre,27,1811408.2200000002,1557290.9900000002,254596.59000000003,0.8597128868058245
B8,2026-04-13,Centro,Valle de Toluca,12,Diciembre,24,2016601.82,1915817.2600000002,78702.55,0.960993906075122
B8,2026-04-13,Centro,Zinacantepec,1,Enero,24,2078357.8800000001,1138653.0,333641.32999999996,0.8394687781105339
B8,2026-04-13,Centro,Zinacantepec,2,Febrero,24,1966248.45,779128.0,82292.13,0.9581476440579014
B8,2026-04-13,Centro,Zinacantepec,3,Marzo,28,2531079.35,502282.0,2077.6,0.9991791644145807
B8,2026-04-13,Centro,Zinacantepec,4,Abril,10,847454.4,17927.0,0.0,1.0
B8,2026-04-13,Centro,Zinacantepec,10,Octubre,30,1894819.6699999997,1646842.7399999998,248410.31000000003,0.8691290079335096
B8,2026-04-13,Centro,Zinacantepec,11,Noviembre,22,1968793.35,1722642.5899999999,249228.88,0.874973795497633
B8,2026-04-13,Centro,Zinacantepec,12,Diciembre,24,2321025.96,1933578.4000000001,239006.76,0.8970491954342467
B8,2026-04-13,Suc. Digital,Salamanca,1,Enero,35,4483373.64,2545068.29,85182.40000000001,0.9810003789913884
B8,2026-04-13,Suc. Digital,Salamanca,2,Febrero,40,5219277.66,1948422.0,55142.07,0.9894349230694118
B8,2026-04-13,Suc. Digital,Salamanca,3,Marzo,39,5784739.500000001,1116797.83,0.0,1.0
B8,2026-04-13,Suc. Digital,Salamanca,4,Abril,21,2625379.54,108182.0,0.0,1.0
B8,2026-04-13,Suc. Digital,Salamanca,10,Octubre,32,4555994.66,3706154.8600000003,857752.9199999999,0.8134677796132448
B8,2026-04-13,Suc. Digital,Salamanca,11,Noviembre,45,6201141.850000001,5858478.99,311434.06,0.9497897762167786
B8,2026-04-13,Suc. Digital,Salamanca,12,Diciembre,43,4952196.68,4001826.7399999998,284478.47,0.9425640461436601
B8,2026-04-13,Península Sur,Cancún,1,Enero,20,1766781.62,1172207.43,102641.66,0.9419049537089931
B8,2026-04-13,Península Sur,Cancún,2,Febrero,35,3096003.7199999997,1330015.0,107259.64,0.9653554550638589
B8,2026-04-13,Península Sur,Cancún,3,Marzo,35,2980895.85,587071.0,7876.58,0.9973576466953717
B8,2026-04-13,Península Sur,Cancún,4,Abril,16,1401407.35,35072.0,0.0,1.0
B8,2026-04-13,Península Sur,Cancún,10,Octubre,29,2440085.9600000004,2121997.6100000003,318202.63,0.8696405146317058
B8,2026-04-13,Península Sur,Cancún,11,Noviembre,35,3198759.3000000003,2863053.21,325173.22,0.8984168361777017
B8,2026-04-13,Península Sur,Cancún,12,Diciembre,38,3586939.1300000004,2998360.57,488585.20999999996,0.8637995426479399
B8,2026-04-13,Península Sur,Cozumel,1,Enero,17,1692771.0999999999,1092062.0,176173.0,0.8959262714255933
B8,2026-04-13,Península Sur,Cozumel,2,Febrero,17,1547970.89,650260.0,49579.13,0.9679715359505244
B8,2026-04-13,Península Sur,Cozumel,3,Marzo,19,1392582.3000000003,266338.0,0.0,0.9999999999999998
B8,2026-04-13,Península Sur,Cozumel,4,Abril,7,515530.67,12564.0,0.0,1.0
B8,2026-04-13,Península Sur,Cozumel,10,Octubre,9,699999.3300000001,700012.14,0.0,1.0000183000175156
B8,2026-04-13,Península Sur,Cozumel,11,Noviembre,25,2057859.1600000001,1956061.45,102072.48999999999,0.9505322268993374
B8,2026-04-13,Península Sur,Cozumel,12,Diciembre,15,1343179.8599999999,1204272.2599999998,62606.52,0.9534050041518638
B8,2026-04-13,Península Sur,Motul,1,Enero,15,1008371.5500000002,628042.64,59914.87,0.9405825461854809
B8,2026-04-13,Península Sur,Motul,2,Febrero,17,1284450.78,467267.56,3235.08,0.9974813515236449
B8,2026-04-13,Península Sur,Motul,3,Marzo,23,1619630.7200000002,270024.0,4608.92,0.9971543389841357
B8,2026-04-13,Península Sur,Motul,4,Abril,9,527746.9,11168.0,0.0,1.0
B8,2026-04-13,Península Sur,Motul,10,Octubre,18,1398088.23,1338252.5199999998,56018.2,0.9599352467190142
B8,2026-04-13,Península Sur,Motul,11,Noviembre,25,1997053.23,1643793.23,341832.18,0.8288615271411669
B8,2026-04-13,Península Sur,Motul,12,Diciembre,25,1706841.2899999998,1316202.79,148400.86,0.9130664456799029
B8,2026-04-13,Península Sur,Mérida,1,Enero,8,542738.55,351127.0,3690.4,0.9932004092946779
B8,2026-04-13,Península Sur,Mérida,2,Febrero,14,980761.8100000002,442044.0,0.0,0.9999999999999999
B8,2026-04-13,Península Sur,Mérida,3,Marzo,9,617624.55,91195.0,3967.51,0.9935761782785348
B8,2026-04-13,Península Sur,Mérida,4,Abril,4,305064.31999999995,8179.0,0.0,1.0
B8,2026-04-13,Península Sur,Mérida,10,Octubre,4,350263.73,209939.47,140324.73,0.5993754192019825
B8,2026-04-13,Península Sur,Mérida,11,Noviembre,7,532820.48,462797.83999999997,70023.64,0.8685811776604383
B8,2026-04-13,Península Sur,Mérida,12,Diciembre,9,522140.15,459887.82,56798.13,0.891401053912441
B8,2026-04-13,Península Sur,Playa del Carmen,1,Enero,17,1768980.0599999998,1194988.46,66243.54000000001,0.9625526926516064
B8,2026-04-13,Península Sur,Playa del Carmen,2,Febrero,17,1295791.46,542055.0499999999,48586.939999999995,0.9625040436676439
B8,2026-04-13,Península Sur,Playa del Carmen,3,Marzo,19,1710203.3699999999,341032.46,0.0,1.0
B8,2026-04-13,Península Sur,Playa del Carmen,4,Abril,6,478158.93,14707.0,0.0,1.0
B8,2026-04-13,Península Sur,Playa del Carmen,10,Octubre,11,1185751.01,1062065.23,123714.93,0.8956899222881539
B8,2026-04-13,Península Sur,Playa del Carmen,11,Noviembre,12,1027755.73,935821.4299999999,98547.46,0.9105484919067296
B8,2026-04-13,Península Sur,Playa del Carmen,12,Diciembre,18,1722388.8900000001,1625044.49,28967.87,0.9832222443097619
B8,2026-04-13,Península Sur,Valladolid,1,Enero,17,968783.1399999999,623423.0,72820.04,0.9248334978249105
B8,2026-04-13,Península Sur,Valladolid,2,Febrero,23,1726380.99,794166.0,4756.54,0.9972447912554921
B8,2026-04-13,Península Sur,Valladolid,3,Marzo,20,1428383.8800000001,296182.0,0.0,1.0
B8,2026-04-13,Península Sur,Valladolid,4,Abril,6,353530.45999999996,3941.0,0.0,1.0
B8,2026-04-13,Península Sur,Valladolid,10,Octubre,14,926343.8900000001,854187.61,72182.16,0.9221063788740484
B8,2026-04-13,Península Sur,Valladolid,11,Noviembre,12,913192.31,913473.43,0.0,1.0003078431529937
B8,2026-04-13,Península Sur,Valladolid,12,Diciembre,19,1342395.83,1244635.83,84641.27,0.9369583038707742
B9,2026-04-27,Bajío Occidente,Fresnillo,1,Enero,22,1741950.84,1235292.1,294874.22,0.8307274676017838
B9,2026-04-27,Bajío Occidente,Fresnillo,2,Febrero,26,2056929.2099999997,1016792.0,255955.08,0.8755644682589734
B9,2026-04-27,Bajío Occidente,Fresnillo,3,Marzo,18,2105961.72,625967.0,100020.40000000001,0.952506069293605
B9,2026-04-27,Bajío Occidente,Fresnillo,4,Abril,22,1864108.15,172241.0,69389.55,0.9627760063170154
B9,2026-04-27,Bajío Occidente,Fresnillo,10,Octubre,7,524402.4500000001,395720.80000000005,128700.53,0.7546127978616424
B9,2026-04-27,Bajío Occidente,Fresnillo,11,Noviembre,20,2048947.3599999999,1481857.1199999999,567145.65,0.7232284971928221
B9,2026-04-27,Bajío Occidente,Fresnillo,12,Diciembre,16,1870547.83,1328879.35,533729.87,0.7146872475321843
B9,2026-04-27,Bajío Occidente,Guadalajara,1,Enero,21,2093055.5799999998,1573008.1,229871.07,0.8901805703602004
B9,2026-04-27,Bajío Occidente,Guadalajara,2,Febrero,19,1910408.3499999999,917068.0,374220.0,0.8041151777838493
B9,2026-04-27,Bajío Occidente,Guadalajara,3,Marzo,23,3636815.86,1009071.0,996162.01,0.7260895111692569
B9,2026-04-27,Bajío Occidente,Guadalajara,4,Abril,13,1269105.44,120593.0,0.0,1.0
B9,2026-04-27,Bajío Occidente,Guadalajara,10,Octubre,8,709881.8200000001,530448.72,181258.11,0.7472352510731997
B9,2026-04-27,Bajío Occidente,Guadalajara,11,Noviembre,21,3433871.9899999998,3169123.71,269460.98,0.9229009465783843
B9,2026-04-27,Bajío Occidente,Guadalajara,12,Diciembre,20,2694253.3100000005,2485794.71,236038.97,0.9226284331817336
B9,2026-04-27,Bajío Occidente,Irapuato,1,Enero,32,2938827.69,2112772.99,326871.14999999997,0.8887751462556828
B9,2026-04-27,Bajío Occidente,Irapuato,2,Febrero,17,1685477.3299999998,919716.6,4610.33,0.9972646739781426
B9,2026-04-27,Bajío Occidente,Irapuato,3,Marzo,30,2710213.5499999993,816346.73,97458.5,0.9640402875264203
B9,2026-04-27,Bajío Occidente,Irapuato,4,Abril,21,2063817.2999999998,149952.0,0.0,1.0000000000000002
B9,2026-04-27,Bajío Occidente,Irapuato,10,Octubre,4,220106.15999999997,175492.7,44843.96,0.7973093529049802
B9,2026-04-27,Bajío Occidente,Irapuato,11,Noviembre,24,2421524.9299999997,2206974.53,215054.53000000003,0.9113986408556197
B9,2026-04-27,Bajío Occidente,Irapuato,12,Diciembre,32,2890920.15,2559744.66,274078.5,0.9053750343121723
B9,2026-04-27,Bajío Occidente,Morelia,1,Enero,12,949153.3200000001,662664.0,41857.6,0.9559000647018756
B9,2026-04-27,Bajío Occidente,Morelia,2,Febrero,18,1743524.16,866621.36,45011.92,0.9741833689302019
B9,2026-04-27,Bajío Occidente,Morelia,3,Marzo,22,1900446.3199999998,492560.0,97762.12,0.9485583365490691
B9,2026-04-27,Bajío Occidente,Morelia,4,Abril,20,1870598.8600000003,191289.37,35616.55,0.9809598141207035
B9,2026-04-27,Bajío Occidente,Morelia,10,Octubre,8,688854.6499999999,652982.14,35897.34,0.9479244133722551
B9,2026-04-27,Bajío Occidente,Morelia,11,Noviembre,22,1865061.9100000001,1524004.67,329857.94999999995,0.8231572269898536
B9,2026-04-27,Bajío Occidente,Morelia,12,Diciembre,13,1484903.74,1319615.4,132546.38999999998,0.9107512315916181
B9,2026-04-27,Centro,Pachuca,1,Enero,7,766533.86,521062.04,74177.36,0.9032302239068736
B9,2026-04-27,Centro,Pachuca,2,Febrero,8,686602.35,355011.0,0.0,1.0
B9,2026-04-27,Centro,Pachuca,3,Marzo,12,913077.9600000002,316066.0,0.0,0.9999999999999999
B9,2026-04-27,Centro,Pachuca,4,Abril,13,1027653.4900000001,81298.0,0.0,1.0
B9,2026-04-27,Centro,Pachuca,10,Octubre,2,101830.4,101846.4,0.0,1.0001571240022626
B9,2026-04-27,Centro,Pachuca,11,Noviembre,7,480224.05000000005,388664.15,91588.5,0.8093392032323246
B9,2026-04-27,Centro,Pachuca,12,Diciembre,5,415770.56,346357.91000000003,69421.0,0.83305058924807
B9,2026-04-27,Centro,San Juan del Río,1,Enero,10,965642.3300000001,696644.8,23074.780000000002,0.9761042165581121
B9,2026-04-27,Centro,San Juan del Río,2,Febrero,13,1131927.79,568653.0,171945.46,0.848095027333855
B9,2026-04-27,Centro,San Juan del Río,3,Marzo,20,1867036.16,603518.0,0.0,1.0000000000000002
B9,2026-04-27,Centro,San Juan del Río,4,Abril,11,1079034.46,128109.0,0.0,1.0
B9,2026-04-27,Centro,San Juan del Río,10,Octubre,3,261318.08,236430.87,24906.8,0.9047627703372074
B9,2026-04-27,Centro,San Juan del Río,11,Noviembre,19,1648403.1299999997,1479486.2,174258.62,0.8975269295927629
B9,2026-04-27,Centro,San Juan del Río,12,Diciembre,18,1901423.8,1681443.8199999998,220038.77999999997,0.8843077592696588
B9,2026-04-27,Centro,Tequisquiapan,1,Enero,6,410363.43999999994,289017.6,5909.52,0.9855993019261171
B9,2026-04-27,Centro,Tequisquiapan,2,Febrero,12,1109136.7600000002,591897.6,65721.04,0.9407457742181403
B9,2026-04-27,Centro,Tequisquiapan,3,Marzo,13,1562757.65,452063.0,0.0,1.0
B9,2026-04-27,Centro,Tequisquiapan,4,Abril,2,219582.08000000002,41175.0,0.0,1.0
B9,2026-04-27,Centro,Tequisquiapan,10,Octubre,3,335936.0,266246.1,69700.2,0.7925500690607734
B9,2026-04-27,Centro,Tequisquiapan,11,Noviembre,11,1076319.78,900198.0499999999,182496.79,0.8363667255097735
B9,2026-04-27,Centro,Tequisquiapan,12,Diciembre,12,1797320.2100000002,1514890.3,282444.1,0.842860549595667
B9,2026-04-27,Centro,Valle de Toluca,1,Enero,21,1228071.5799999998,962551.61,89395.0,0.9272127118192901
B9,2026-04-27,Centro,Valle de Toluca,2,Febrero,29,2361501.89,1329808.1,119007.74000000002,0.9496050625646545
B9,2026-04-27,Centro,Valle de Toluca,3,Marzo,30,2690220.36,780743.0,14814.809999999998,0.9944930868042349
B9,2026-04-27,Centro,Valle de Toluca,4,Abril,23,1548934.3699999999,163600.0,0.0,1.0000000000000002
B9,2026-04-27,Centro,Valle de Toluca,10,Octubre,8,424998.61,330670.92000000004,94333.18,0.7780517682163715
B9,2026-04-27,Centro,Valle de Toluca,11,Noviembre,27,1811408.2200000002,1557290.9900000002,254596.59000000003,0.8597128868058245
B9,2026-04-27,Centro,Valle de Toluca,12,Diciembre,24,2016601.82,1951855.77,64789.64,0.9678934882643317
B9,2026-04-27,Centro,Zinacantepec,1,Enero,24,2078357.8800000001,1336142.57,384818.41000000003,0.8148537007495551
B9,2026-04-27,Centro,Zinacantepec,2,Febrero,24,1966248.45,965654.0,122753.03,0.9375699291714635
B9,2026-04-27,Centro,Zinacantepec,3,Marzo,28,2531079.35,809578.0,3647.32,0.9985589863075609
B9,2026-04-27,Centro,Zinacantepec,4,Abril,26,1962245.26,134465.0,0.0,1.0
B9,2026-04-27,Centro,Zinacantepec,10,Octubre,9,517984.08999999997,447982.44,70047.75,0.8648575287322049
B9,2026-04-27,Centro,Zinacantepec,11,Noviembre,22,1968793.35,1736815.5899999999,235055.88,0.882172621113333
B9,2026-04-27,Centro,Zinacantepec,12,Diciembre,24,2321025.96,2056910.9100000001,193751.88,0.9165538372522126
B9,2026-04-27,Suc. Digital,Salamanca,1,Enero,35,4483373.64,2955140.89,125169.14000000001,0.9720814680973145
B9,2026-04-27,Suc. Digital,Salamanca,2,Febrero,40,5219277.66,2428813.0,60592.28,0.9883906770347987
B9,2026-04-27,Suc. Digital,Salamanca,3,Marzo,39,5784739.500000001,1657052.4000000001,0.0,0.9999999999999999
B9,2026-04-27,Suc. Digital,Salamanca,4,Abril,39,5262665.28,494954.55000000005,0.0,0.9999999999999998
B9,2026-04-27,Suc. Digital,Salamanca,10,Octubre,11,1462628.4000000001,1217884.67,250133.79,0.8326685506722007
B9,2026-04-27,Suc. Digital,Salamanca,11,Noviembre,45,6201141.850000001,5883126.26,318088.93000000005,0.9487166077324936
B9,2026-04-27,Suc. Digital,Salamanca,12,Diciembre,43,4952196.68,4403621.760000001,313073.14,0.9367899943747794
B9,2026-04-27,Península Sur,Cancún,1,Enero,20,1766781.62,1337819.78,104753.26000000001,0.940709786193044
B9,2026-04-27,Península Sur,Cancún,2,Febrero,35,3096003.7199999997,1669453.0,110153.97,0.9644205950760291
B9,2026-04-27,Península Sur,Cancún,3,Marzo,35,2980895.85,915815.0,167960.71000000002,0.9436542843320072
B9,2026-04-27,Península Sur,Cancún,4,Abril,29,2344514.76,211535.0,3690.8,0.9984257723333763
B9,2026-04-27,Península Sur,Cancún,10,Octubre,18,1583931.08,1368494.98,215517.59000000003,0.8639864431475137
B9,2026-04-27,Península Sur,Cancún,11,Noviembre,35,3198759.3000000003,2863053.21,335939.22,0.8950511562404835
B9,2026-04-27,Península Sur,Cancún,12,Diciembre,38,3586939.1300000004,3108938.730000001,454493.73,0.8734106201573598
B9,2026-04-27,Península Sur,Cozumel,1,Enero,17,1692771.0999999999,1304656.53,167378.87,0.9011221481746705
B9,2026-04-27,Península Sur,Cozumel,2,Febrero,17,1547970.89,821853.0,71691.35,0.9536868874840405
B9,2026-04-27,Península Sur,Cozumel,3,Marzo,19,1392582.3000000003,425934.0,998.6,0.9992829149128204
B9,2026-04-27,Península Sur,Cozumel,4,Abril,18,1477091.5299999998,98076.0,0.0,1.0
B9,2026-04-27,Península Sur,Cozumel,10,Octubre,4,308201.82,308203.32,0.0,1.0000048669407597
B9,2026-04-27,Península Sur,Cozumel,11,Noviembre,25,2057859.1600000001,1957061.45,101072.48999999999,0.9510181688041274
B9,2026-04-27,Península Sur,Cozumel,12,Diciembre,15,1343179.8599999999,1303524.83,39679.13,0.9704767535749086
B9,2026-04-27,Península Sur,Motul,1,Enero,15,1008371.5500000002,767126.24,28927.8,0.9713206902753253
B9,2026-04-27,Península Sur,Motul,2,Febrero,17,1284450.78,598664.56,46634.54,0.9636930112650949
B9,2026-04-27,Península Sur,Motul,3,Marzo,23,1619630.7200000002,455256.0,0.0,0.9999999999999999
B9,2026-04-27,Península Sur,Motul,4,Abril,26,1755303.78,97506.0,0.0,1.0
B9,2026-04-27,Península Sur,Motul,10,Octubre,4,266310.66,252835.71000000002,13478.5,0.9494013870867957
B9,2026-04-27,Península Sur,Motul,11,Noviembre,25,1997053.23,1657515.04,339597.73,0.8299804006726451
B9,2026-04-27,Península Sur,Motul,12,Diciembre,25,1706841.2899999998,1485151.2599999998,160390.53999999998,0.9064306148815979
B9,2026-04-27,Península Sur,Mérida,1,Enero,8,542738.55,419251.93,26746.170000000002,0.9507199737332092
B9,2026-04-27,Península Sur,Mérida,2,Febrero,14,980761.8100000002,551918.0,0.0,0.9999999999999999
B9,2026-04-27,Península Sur,Mérida,3,Marzo,9,617624.55,157936.0,5071.91,0.9917880369230788
B9,2026-04-27,Península Sur,Mérida,4,Abril,11,815843.1499999999,65426.0,0.0,1.0
B9,2026-04-27,Península Sur,Mérida,11,Noviembre,7,532820.48,466609.83999999997,66211.64,0.8757355573119111
B9,2026-04-27,Península Sur,Mérida,12,Diciembre,9,522140.15,471817.14999999997,50417.259999999995,0.9036216617320081
B9,2026-04-27,Península Sur,Playa del Carmen,1,Enero,17,1768980.0599999998,1411765.83,93895.67,0.9469215385050752
B9,2026-04-27,Península Sur,Playa del Carmen,2,Febrero,17,1295791.46,680565.2500000001,124285.84999999999,0.9040849906511962
B9,2026-04-27,Península Sur,Playa del Carmen,3,Marzo,19,1710203.3699999999,546475.68,1104.47,0.9993541879174289
B9,2026-04-27,Península Sur,Playa del Carmen,4,Abril,14,1186945.8099999998,111285.0,0.0,1.0
B9,2026-04-27,Península Sur,Playa del Carmen,10,Octubre,5,533811.33,410106.5,123714.93,0.7682611382564697
B9,2026-04-27,Península Sur,Playa del Carmen,11,Noviembre,12,1027755.73,935821.4299999999,98547.46,0.9105484919067296
B9,2026-04-27,Península Sur,Playa del Carmen,12,Diciembre,18,1722388.8900000001,1689260.7199999997,28035.47,0.983766232955671
B9,2026-04-27,Península Sur,Valladolid,1,Enero,17,968783.1399999999,726755.24,81066.05,0.9163217786800048
B9,2026-04-27,Península Sur,Valladolid,2,Febrero,23,1726380.99,1014763.12,5780.24,0.9966518167000902
B9,2026-04-27,Península Sur,Valladolid,3,Marzo,20,1428383.8800000001,465322.0,619.56,0.9995662510557034
B9,2026-04-27,Península Sur,Valladolid,4,Abril,15,901245.3300000002,70177.0,0.0,0.9999999999999999
B9,2026-04-27,Península Sur,Valladolid,10,Octubre,6,348111.26,319187.91,28925.35,0.9169134890954115
B9,2026-04-27,Península Sur,Valladolid,11,Noviembre,12,913192.31,913473.43,0.0,1.0003078431529937
B9,2026-04-27,Península Sur,Valladolid,12,Diciembre,19,1342395.83,1281369.8,61196.490000000005,0.9545394669469437
B10,2026-05-11,Bajío Occidente,Fresnillo,1,Enero,22,1741950.84,1364691.6800000002,326016.08,0.8128503500133218
B10,2026-05-11,Bajío Occidente,Fresnillo,2,Febrero,26,2056929.2099999997,1202337.0,310919.03,0.8488431062729671
B10,2026-05-11,Bajío Occidente,Fresnillo,3,Marzo,18,2105961.72,863955.0,144680.7,0.9312994635059176
B10,2026-05-11,Bajío Occidente,Fresnillo,4,Abril,23,1929980.95,345392.0,225947.18,0.882927766722257
B10,2026-05-11,Bajío Occidente,Fresnillo,5,Mayo,6,448758.5,3784.0,0.0,1.0
B10,2026-05-11,Bajío Occidente,Fresnillo,11,Noviembre,11,1309717.71,940651.75,369101.92000000004,0.7182095369238001
B10,2026-05-11,Bajío Occidente,Fresnillo,12,Diciembre,16,1870547.83,1340846.02,529746.87,0.7168199596371722
B10,2026-05-11,Bajío Occidente,Guadalajara,1,Enero,21,2093055.5799999998,1757031.46,262170.13999999996,0.874749241011555
B10,2026-05-11,Bajío Occidente,Guadalajara,2,Febrero,19,1910408.3499999999,1072754.17,520377.35000000003,0.7276093616320302
B10,2026-05-11,Bajío Occidente,Guadalajara,3,Marzo,23,3636815.86,1279745.0,1124073.34,0.6909182693676442
B10,2026-05-11,Bajío Occidente,Guadalajara,4,Abril,19,1901217.7600000002,313249.0,0.0,1.0
B10,2026-05-11,Bajío Occidente,Guadalajara,5,Mayo,6,569598.73,17066.0,0.0,1.0
B10,2026-05-11,Bajío Occidente,Guadalajara,11,Noviembre,18,1466114.26,1285247.6099999999,185062.24999999997,0.8766353653773205
B10,2026-05-11,Bajío Occidente,Guadalajara,12,Diciembre,20,2694253.3100000005,2502819.71,219013.97,0.9289474381308265
B10,2026-05-11,Bajío Occidente,Irapuato,1,Enero,32,2938827.69,2343253.15,340747.79,0.8840533178724745
B10,2026-05-11,Bajío Occidente,Irapuato,2,Febrero,17,1685477.3299999998,1104011.6,39509.83,0.9765586701780202
B10,2026-05-11,Bajío Occidente,Irapuato,3,Marzo,30,2710213.5499999993,1088454.93,210761.19999999998,0.9222344674647502
B10,2026-05-11,Bajío Occidente,Irapuato,4,Abril,27,2642932.2099999995,412090.0,0.0,1.0000000000000002
B10,2026-05-11,Bajío Occidente,Irapuato,5,Mayo,9,691305.97,7666.0,0.0,1.0
B10,2026-05-11,Bajío Occidente,Irapuato,11,Noviembre,14,1325787.98,1115971.71,210268.13,0.8417422143169528
B10,2026-05-11,Bajío Occidente,Irapuato,12,Diciembre,32,2890920.15,2602281.23,286132.3,0.9012093364114536
B10,2026-05-11,Bajío Occidente,Morelia,1,Enero,12,949153.3200000001,803312.96,59699.67,0.937102227066961
B10,2026-05-11,Bajío Occidente,Morelia,2,Febrero,18,1743524.16,1028127.36,65964.43000000001,0.9621660361735396
B10,2026-05-11,Bajío Occidente,Morelia,3,Marzo,22,1900446.3199999998,674179.0,156948.33,0.9174150154370053
B10,2026-05-11,Bajío Occidente,Morelia,4,Abril,25,2253249.1999999997,381499.37,36788.420000000006,0.9836731685070611
B10,2026-05-11,Bajío Occidente,Morelia,5,Mayo,8,803220.75,0.0,0.0,1.0
B10,2026-05-11,Bajío Occidente,Morelia,11,Noviembre,19,1672392.3099999998,1394331.2399999998,278259.69999999995,0.8337345440197581
B10,2026-05-11,Bajío Occidente,Morelia,12,Diciembre,13,1484903.74,1417108.56,59798.94,0.959742589105473
B10,2026-05-11,Centro,Pachuca,1,Enero,7,766533.86,582961.04,66782.36,0.9128775472488587
B10,2026-05-11,Centro,Pachuca,2,Febrero,8,686602.35,429683.0,0.0,1.0
B10,2026-05-11,Centro,Pachuca,3,Marzo,12,913077.9600000002,424067.0,53846.07,0.941027959978357
B10,2026-05-11,Centro,Pachuca,4,Abril,13,1027653.4900000001,208631.0,0.0,1.0
B10,2026-05-11,Centro,Pachuca,5,Mayo,2,196388.25999999998,0.0,0.0,1.0
B10,2026-05-11,Centro,Pachuca,11,Noviembre,5,375018.66000000003,283437.4,91588.5,0.7557954582846624
B10,2026-05-11,Centro,Pachuca,12,Diciembre,5,415770.56,346357.91000000003,69421.0,0.83305058924807
B10,2026-05-11,Centro,San Juan del Río,1,Enero,10,965642.3300000001,760155.73,24890.01,0.9742733523291175
B10,2026-05-11,Centro,San Juan del Río,2,Febrero,13,1131927.79,665390.0,199128.56,0.824080156208551
B10,2026-05-11,Centro,San Juan del Río,3,Marzo,20,1867036.16,811843.0,3333.43,0.9982145873382551
B10,2026-05-11,Centro,San Juan del Río,4,Abril,13,1214860.8,266797.88,0.0,1.0000000000000002
B10,2026-05-11,Centro,San Juan del Río,5,Mayo,3,190109.65000000002,0.0,0.0,1.0
B10,2026-05-11,Centro,San Juan del Río,11,Noviembre,17,1483153.64,1314236.71,174258.62,0.8861096211178769
B10,2026-05-11,Centro,San Juan del Río,12,Diciembre,18,1901423.8,1685116.8199999998,216365.77999999997,0.8862394696016742
B10,2026-05-11,Centro,Tequisquiapan,1,Enero,6,410363.43999999994,340016.7,34276.77,0.9165275785776629
B10,2026-05-11,Centro,Tequisquiapan,2,Febrero,12,1109136.7600000002,701709.6,55211.04,0.9502216119858833
B10,2026-05-11,Centro,Tequisquiapan,3,Marzo,13,1562757.65,610056.0,0.0,1.0
B10,2026-05-11,Centro,Tequisquiapan,4,Abril,5,403786.24,80150.0,0.0,1.0
B10,2026-05-11,Centro,Tequisquiapan,5,Mayo,3,177244.99,0.0,0.0,1.0
B10,2026-05-11,Centro,Tequisquiapan,11,Noviembre,9,944922.5599999999,839107.0499999999,112190.57,0.8880167386415241
B10,2026-05-11,Centro,Tequisquiapan,12,Diciembre,12,1797320.2100000002,1524013.3,273321.1,0.8479364397732999
B10,2026-05-11,Centro,Valle de Toluca,1,Enero,21,1228071.5799999998,1051489.49,87624.81,0.9286589711651825
B10,2026-05-11,Centro,Valle de Toluca,2,Febrero,29,2361501.89,1575409.1,104423.04,0.9557814328067297
B10,2026-05-11,Centro,Valle de Toluca,3,Marzo,30,2690220.36,1079551.0,71777.57999999999,0.973319070412507
B10,2026-05-11,Centro,Valle de Toluca,4,Abril,25,1670091.4899999998,356805.0,0.0,1.0
B10,2026-05-11,Centro,Valle de Toluca,5,Mayo,9,560201.06,3441.0,0.0,1.0
B10,2026-05-11,Centro,Valle de Toluca,11,Noviembre,22,1511522.4100000001,1295507.07,216057.02999999997,0.8570875704052578
B10,2026-05-11,Centro,Valle de Toluca,12,Diciembre,24,2016601.82,1951855.77,64789.64,0.9678934882643317
B10,2026-05-11,Centro,Zinacantepec,1,Enero,24,2078357.8800000001,1560202.92,371480.4,0.8212731774568103
B10,2026-05-11,Centro,Zinacantepec,2,Febrero,24,1966248.45,1163072.0,184151.28,0.9063438397116091
B10,2026-05-11,Centro,Zinacantepec,3,Marzo,28,2531079.35,1076119.0,28060.76,0.9889135202339665
B10,2026-05-11,Centro,Zinacantepec,4,Abril,28,2362012.19,363506.0,11610.380000000001,0.995084538492581
B10,2026-05-11,Centro,Zinacantepec,5,Mayo,11,903580.9600000001,3691.0,0.0,1.0
B10,2026-05-11,Centro,Zinacantepec,11,Noviembre,19,1784246.6900000002,1590975.3599999999,196340.95,0.891679031221854
B10,2026-05-11,Centro,Zinacantepec,12,Diciembre,24,2321025.96,2125109.51,185638.64,0.9200535525246774
B10,2026-05-11,Suc. Digital,Salamanca,1,Enero,35,4483373.64,3580056.2199999997,192858.0,0.956983759221103
B10,2026-05-11,Suc. Digital,Salamanca,2,Febrero,40,5219277.66,2898494.0,108619.31,0.9791888232288452
B10,2026-05-11,Suc. Digital,Salamanca,3,Marzo,39,5784739.500000001,2209175.4,0.0,0.9999999999999999
B10,2026-05-11,Suc. Digital,Salamanca,4,Abril,44,5704020.62,1042091.55,0.0,1.0
B10,2026-05-11,Suc. Digital,Salamanca,5,Mayo,13,2194552.66,31069.0,0.0,1.0
B10,2026-05-11,Suc. Digital,Salamanca,11,Noviembre,40,5559275.44,5242474.53,316868.93,0.9430139928450819
B10,2026-05-11,Suc. Digital,Salamanca,12,Diciembre,43,4952196.68,4553278.109999999,326439.69999999995,0.9340908669241302
B10,2026-05-11,Península Sur,Cancún,1,Enero,20,1766781.62,1488824.4399999997,162086.69,0.9082596410528652
B10,2026-05-11,Península Sur,Cancún,2,Febrero,35,3096003.7199999997,1939654.75,136181.1,0.9560141678382739
B10,2026-05-11,Península Sur,Cancún,3,Marzo,35,2980895.85,1223670.0,167037.71000000002,0.9439639227918679
B10,2026-05-11,Península Sur,Cancún,4,Abril,32,2635561.16,460654.0,55270.31,0.9790290163480782
B10,2026-05-11,Península Sur,Cancún,5,Mayo,12,931424.42,31189.0,0.0,1.0
B10,2026-05-11,Península Sur,Cancún,11,Noviembre,28,2527666.6999999997,2364251.5,163523.59999999998,0.9353493876388055
B10,2026-05-11,Península Sur,Cancún,12,Diciembre,38,3586939.1300000004,3116044.2100000004,471320.25,0.868719567594112
B10,2026-05-11,Península Sur,Cozumel,1,Enero,17,1692771.0999999999,1481684.68,171892.6,0.8984569325409679
B10,2026-05-11,Península Sur,Cozumel,2,Febrero,17,1547970.89,970281.0,127721.65000000001,0.9174909225844682
B10,2026-05-11,Península Sur,Cozumel,3,Marzo,19,1392582.3000000003,569779.0,5234.33,0.9962412778045504
B10,2026-05-11,Península Sur,Cozumel,4,Abril,22,2011101.9899999998,306601.0,0.0,1.0
B10,2026-05-11,Península Sur,Cozumel,5,Mayo,9,776975.14,3968.0,0.0,1.0
B10,2026-05-11,Península Sur,Cozumel,11,Noviembre,19,1764867.21,1746312.3299999998,18746.67,0.9894865291309933
B10,2026-05-11,Península Sur,Cozumel,12,Diciembre,15,1343179.8599999999,1303524.83,39679.13,0.9704767535749086
B10,2026-05-11,Península Sur,Motul,1,Enero,15,1008371.5500000002,862793.2200000001,39917.57000000001,0.9604221578841647
B10,2026-05-11,Península Sur,Motul,2,Febrero,17,1284450.78,735691.56,71323.23000000001,0.9444718076312741
B10,2026-05-11,Península Sur,Motul,3,Marzo,23,1619630.7200000002,603927.0,4968.96,0.9969320413976835
B10,2026-05-11,Península Sur,Motul,4,Abril,32,2155495.46,323996.0,0.0,1.0
B10,2026-05-11,Península Sur,Motul,5,Mayo,5,436936.69999999995,0.0,0.0,1.0
B10,2026-05-11,Península Sur,Motul,11,Noviembre,22,1668203.8499999999,1373573.7999999998,294679.27,0.8233848639061706
B10,2026-05-11,Península Sur,Motul,12,Diciembre,25,1706841.2899999998,1528876.89,141792.28,0.9173269179584941
B10,2026-05-11,Península Sur,Mérida,1,Enero,8,542738.55,466405.43,28867.21,0.9468119410349606
B10,2026-05-11,Península Sur,Mérida,2,Febrero,14,980761.8100000002,673311.9299999999,17995.890000000003,0.9816511105790301
B10,2026-05-11,Península Sur,Mérida,3,Marzo,9,617624.55,208974.0,91155.71,0.8524091861309594
B10,2026-05-11,Península Sur,Mérida,4,Abril,11,815843.1499999999,143925.0,117140.67,0.856417658222662
B10,2026-05-11,Península Sur,Mérida,5,Mayo,4,235682.34999999998,3230.0,0.0,1.0
B10,2026-05-11,Península Sur,Mérida,11,Noviembre,4,328948.89999999997,269464.94,59484.96,0.819169603546326
B10,2026-05-11,Península Sur,Mérida,12,Diciembre,9,522140.15,471817.14999999997,50417.259999999995,0.9036216617320081
B10,2026-05-11,Península Sur,Playa del Carmen,1,Enero,17,1768980.0599999998,1619352.44,90056.51999999999,0.9490951978282899
B10,2026-05-11,Península Sur,Playa del Carmen,2,Febrero,17,1295791.46,805958.2500000001,149098.85,0.8849360760565592
B10,2026-05-11,Península Sur,Playa del Carmen,3,Marzo,19,1710203.3699999999,754450.4600000001,0.0,1.0000000000000002
B10,2026-05-11,Península Sur,Playa del Carmen,4,Abril,17,1419681.3800000001,266276.41000000003,2114.67,0.9985104615515912
B10,2026-05-11,Península Sur,Playa del Carmen,5,Mayo,3,449600.1,0.0,0.0,1.0
B10,2026-05-11,Península Sur,Playa del Carmen,11,Noviembre,10,851360.42,780933.01,77036.46,0.9172766218095973
B10,2026-05-11,Península Sur,Playa del Carmen,12,Diciembre,18,1722388.8900000001,1689260.7199999997,33202.78,0.9807661497398532
B10,2026-05-11,Península Sur,Valladolid,1,Enero,17,968783.1399999999,835619.97,77360.8,0.9203072423411497
B10,2026-05-11,Península Sur,Valladolid,2,Febrero,23,1726380.99,1221054.12,27046.260000000002,0.9843335508461549
B10,2026-05-11,Península Sur,Valladolid,3,Marzo,20,1428383.8800000001,617179.0,5721.41,0.9959944871402496
B10,2026-05-11,Península Sur,Valladolid,4,Abril,15,901245.3300000002,164499.0,3940.67,0.9956275279673292
B10,2026-05-11,Península Sur,Valladolid,5,Mayo,6,328371.72000000003,0.0,0.0,1.0
B10,2026-05-11,Península Sur,Valladolid,11,Noviembre,10,831442.55,831556.06,0.0,1.0001365217596814
B10,2026-05-11,Península Sur,Valladolid,12,Diciembre,19,1342395.83,1282459.8,60106.490000000005,0.9553514480151506
B11,2026-05-25,Bajío Occidente,Fresnillo,1,Enero,22,1741950.84,1428111.4300000002,299385.22,0.8281438126003603
B11,2026-05-25,Bajío Occidente,Fresnillo,2,Febrero,26,2056929.2099999997,1395264.83,355130.56000000006,0.8273494448552269
B11,2026-05-25,Bajío Occidente,Fresnillo,3,Marzo,18,2105961.72,1080847.0,194576.7,0.9076067251592779
B11,2026-05-25,Bajío Occidente,Fresnillo,4,Abril,23,1929980.95,500450.0,455953.58,0.7637522898865919
B11,2026-05-25,Bajío Occidente,Fresnillo,5,Mayo,14,1136496.74,77998.0,5292.8,0.9953428814938792
B11,2026-05-25,Bajío Occidente,Fresnillo,11,Noviembre,6,608509.0700000001,461663.64,146880.27,0.7586799651153926
B11,2026-05-25,Bajío Occidente,Fresnillo,12,Diciembre,16,1870547.83,1340846.02,529746.87,0.7168199596371722
B11,2026-05-25,Bajío Occidente,Guadalajara,1,Enero,21,2093055.5799999998,1836384.7400000002,256964.66999999998,0.8773702703107389
B11,2026-05-25,Bajío Occidente,Guadalajara,2,Febrero,19,1910408.3499999999,1197159.85,557659.0800000001,0.7080945285859959
B11,2026-05-25,Bajío Occidente,Guadalajara,3,Marzo,23,3636815.86,1526248.0,1223009.4200000002,0.6637142305027233
B11,2026-05-25,Bajío Occidente,Guadalajara,4,Abril,19,1901217.7600000002,522386.0,61158.56,0.9678319015913253
B11,2026-05-25,Bajío Occidente,Guadalajara,5,Mayo,16,1471700.5,141286.0,0.0,1.0
B11,2026-05-25,Bajío Occidente,Guadalajara,11,Noviembre,8,521244.94,480100.86,41507.6,0.9210657469403923
B11,2026-05-25,Bajío Occidente,Guadalajara,12,Diciembre,20,2694253.3100000005,2502819.71,219013.97,0.9289474381308265
B11,2026-05-25,Bajío Occidente,Irapuato,1,Enero,32,2938827.69,2559501.1,311054.0,0.8967362662899097
B11,2026-05-25,Bajío Occidente,Irapuato,2,Febrero,17,1685477.3299999998,1288970.0,36197.759999999995,0.9785237336891385
B11,2026-05-25,Bajío Occidente,Irapuato,3,Marzo,30,2710213.5499999993,1376533.9300000002,240090.27999999997,0.9114127814762053
B11,2026-05-25,Bajío Occidente,Irapuato,4,Abril,27,2642932.2099999995,712654.16,0.0,1.0000000000000002
B11,2026-05-25,Bajío Occidente,Irapuato,5,Mayo,18,1398872.9100000001,103656.0,0.0,1.0
B11,2026-05-25,Bajío Occidente,Irapuato,11,Noviembre,7,747119.3400000001,596128.4199999999,151007.6,0.797902541245954
B11,2026-05-25,Bajío Occidente,Irapuato,12,Diciembre,32,2890920.15,2608034.33,283786.3,0.9021467888000989
B11,2026-05-25,Bajío Occidente,Morelia,1,Enero,12,949153.3200000001,858157.65,73640.04000000001,0.9224151478498752
B11,2026-05-25,Bajío Occidente,Morelia,2,Febrero,18,1743524.16,1190136.69,95930.97,0.9449792711791274
B11,2026-05-25,Bajío Occidente,Morelia,3,Marzo,22,1900446.3199999998,824287.0,265723.27,0.8601784921765114
B11,2026-05-25,Bajío Occidente,Morelia,4,Abril,25,2253249.1999999997,607147.49,77540.16,0.9655874015177728
B11,2026-05-25,Bajío Occidente,Morelia,5,Mayo,16,1470051.8099999998,90621.0,0.0,1.0
B11,2026-05-25,Bajío Occidente,Morelia,11,Noviembre,12,1127428.97,945556.15,182062.66,0.8386835669124239
B11,2026-05-25,Bajío Occidente,Morelia,12,Diciembre,13,1484903.74,1433639.56,51605.840000000004,0.9654764287953104
B11,2026-05-25,Centro,Pachuca,1,Enero,7,766533.86,652573.9199999999,51672.93,0.9326079607233526
B11,2026-05-25,Centro,Pachuca,2,Febrero,8,686602.35,507969.32,0.0,1.0
B11,2026-05-25,Centro,Pachuca,3,Marzo,12,913077.9600000002,545007.77,82832.6,0.9092820069821856
B11,2026-05-25,Centro,Pachuca,4,Abril,13,1027653.4900000001,332274.0,3687.6,0.996411630928242
B11,2026-05-25,Centro,Pachuca,5,Mayo,5,453572.57999999996,36134.0,0.0,1.0
B11,2026-05-25,Centro,Pachuca,11,Noviembre,2,172771.2,172771.84,0.0,1.0000037043210905
B11,2026-05-25,Centro,Pachuca,12,Diciembre,5,415770.56,346357.91000000003,69421.0,0.83305058924807
B11,2026-05-25,Centro,San Juan del Río,1,Enero,10,965642.3300000001,838011.45,41622.880000000005,0.9569617976461324
B11,2026-05-25,Centro,San Juan del Río,2,Febrero,13,1131927.79,759726.6799999999,229730.40000000002,0.7970450040810463
B11,2026-05-25,Centro,San Juan del Río,3,Marzo,20,1867036.16,1014544.0,68870.06,0.963112626592085
B11,2026-05-25,Centro,San Juan del Río,4,Abril,13,1214860.8,408237.88,0.0,1.0
B11,2026-05-25,Centro,San Juan del Río,5,Mayo,9,707631.69,36685.0,0.0,1.0
B11,2026-05-25,Centro,San Juan del Río,11,Noviembre,7,625173.3400000001,508462.91000000003,122000.70999999999,0.8133150879402502
B11,2026-05-25,Centro,San Juan del Río,12,Diciembre,18,1901423.8,1690279.8199999998,211202.77999999997,0.8889548032374476
B11,2026-05-25,Centro,Tequisquiapan,1,Enero,6,410363.43999999994,365914.95000000007,44748.05,0.8916850633672437
B11,2026-05-25,Centro,Tequisquiapan,2,Febrero,12,1109136.7600000002,829320.8400000001,67676.94,0.9389926991510045
B11,2026-05-25,Centro,Tequisquiapan,3,Marzo,13,1562757.65,765612.0,169176.12,0.8917451339943848
B11,2026-05-25,Centro,Tequisquiapan,4,Abril,5,403786.24,130621.0,0.0,1.0
B11,2026-05-25,Centro,Tequisquiapan,5,Mayo,9,608767.3400000001,26340.0,3840.16,0.9936919086362287
B11,2026-05-25,Centro,Tequisquiapan,11,Noviembre,3,257457.92,247510.2,16316.93,0.9613617635068286
B11,2026-05-25,Centro,Tequisquiapan,12,Diciembre,12,1797320.2100000002,1534823.3,262511.1,0.853950949563962
B11,2026-05-25,Centro,Valle de Toluca,1,Enero,21,1228071.5799999998,1096340.1,109448.00000000001,0.9108891682030458
B11,2026-05-25,Centro,Valle de Toluca,2,Febrero,29,2361501.89,1825842.39,150875.30000000002,0.9361107900701279
B11,2026-05-25,Centro,Valle de Toluca,3,Marzo,30,2690220.36,1372168.0,130226.16999999998,0.9515927498221745
B11,2026-05-25,Centro,Valle de Toluca,4,Abril,25,1670091.4899999998,561506.96,3690.6,0.9977901809439194
B11,2026-05-25,Centro,Valle de Toluca,5,Mayo,23,1400554.8600000003,94119.0,0.0,0.9999999999999999
B11,2026-05-25,Centro,Valle de Toluca,11,Noviembre,12,850446.7400000002,656088.53,194383.83000000002,0.7714633958147689
B11,2026-05-25,Centro,Valle de Toluca,12,Diciembre,24,2016601.82,1951855.77,64789.64,0.9678934882643317
B11,2026-05-25,Centro,Zinacantepec,1,Enero,24,2078357.8800000001,1654765.16,368684.81000000006,0.8226293394667908
B11,2026-05-25,Centro,Zinacantepec,2,Febrero,24,1966248.45,1341560.84,242226.27,0.8768079028873489
B11,2026-05-25,Centro,Zinacantepec,3,Marzo,28,2531079.35,1342620.0,31857.020000000004,0.9874136620805666
B11,2026-05-25,Centro,Zinacantepec,4,Abril,28,2362012.19,607343.0,139390.66,0.9409864772967155
B11,2026-05-25,Centro,Zinacantepec,5,Mayo,20,1542451.03,133645.0,3535.64,0.9977077781198669
B11,2026-05-25,Centro,Zinacantepec,11,Noviembre,8,625290.41,521232.76,104072.5,0.8335850856884244
B11,2026-05-25,Centro,Zinacantepec,12,Diciembre,24,2321025.96,2132790.24,188317.84,0.9188997782687447
B11,2026-05-25,Suc. Digital,Salamanca,1,Enero,34,4394027.51,3896702.55,197895.43999999997,0.9549629128289185
B11,2026-05-25,Suc. Digital,Salamanca,2,Febrero,40,5219277.66,3409075.0,162205.53,0.9689220117099498
B11,2026-05-25,Suc. Digital,Salamanca,3,Marzo,39,5784739.500000001,2773857.55,1821.72,0.9996850817569226
B11,2026-05-25,Suc. Digital,Salamanca,4,Abril,44,5704020.62,1567439.55,0.0,1.0
B11,2026-05-25,Suc. Digital,Salamanca,5,Mayo,34,4661941.2,405134.0,0.0,0.9999999999999998
B11,2026-05-25,Suc. Digital,Salamanca,11,Noviembre,19,2675287.37,2417675.1,257648.06,0.9037066922646145
B11,2026-05-25,Suc. Digital,Salamanca,12,Diciembre,43,4952196.68,4620485.92,325041.81,0.9343732123337234
B11,2026-05-25,Península Sur,Cancún,1,Enero,20,1766781.62,1588679.73,155777.08,0.9120503132696162
B11,2026-05-25,Península Sur,Cancún,2,Febrero,35,3096003.7199999997,2267866.57,289591.85000000003,0.9064633391331971
B11,2026-05-25,Península Sur,Cancún,3,Marzo,35,2980895.85,1518287.0,180825.41,0.9393385683032166
B11,2026-05-25,Península Sur,Cancún,4,Abril,32,2635561.16,775230.0,58350.64,0.9778602595585374
B11,2026-05-25,Península Sur,Cancún,5,Mayo,27,2381778.4299999997,159386.0,0.0,1.0000000000000002
B11,2026-05-25,Península Sur,Cancún,11,Noviembre,15,1296351.4000000001,1173604.3900000001,122773.20999999999,0.9053134744175074
B11,2026-05-25,Península Sur,Cancún,12,Diciembre,38,3586939.1300000004,3130541.2100000004,456823.25,0.8727611750690624
B11,2026-05-25,Península Sur,Cozumel,1,Enero,17,1692771.0999999999,1511457.5299999998,162503.66999999998,0.9040034178277264
B11,2026-05-25,Península Sur,Cozumel,2,Febrero,17,1547970.89,1132805.6400000001,149541.97,0.9033948435554885
B11,2026-05-25,Península Sur,Cozumel,3,Marzo,19,1392582.3000000003,713102.0,70390.91,0.9494529623132506
B11,2026-05-25,Península Sur,Cozumel,4,Abril,22,2011101.9899999998,543183.0,0.0,1.0
B11,2026-05-25,Península Sur,Cozumel,5,Mayo,14,1136755.62,113125.0,0.0,1.0
B11,2026-05-25,Península Sur,Cozumel,11,Noviembre,9,777510.35,764404.01,13271.64,0.9831431954571409
B11,2026-05-25,Península Sur,Cozumel,12,Diciembre,15,1343179.8599999999,1303524.83,39679.13,0.9704767535749086
B11,2026-05-25,Península Sur,Motul,1,Enero,15,1008371.5500000002,908008.8200000001,39917.57000000001,0.9604246371290424
B11,2026-05-25,Península Sur,Motul,2,Febrero,17,1284450.78,873145.24,94101.9,0.9267376364550147
B11,2026-05-25,Península Sur,Motul,3,Marzo,23,1619630.7200000002,775558.0,51870.009999999995,0.9679741750020646
B11,2026-05-25,Península Sur,Motul,4,Abril,32,2155495.46,566636.4,4052.9700000000003,0.9981197037640709
B11,2026-05-25,Península Sur,Motul,5,Mayo,12,797335.6599999999,52118.0,0.0,1.0
B11,2026-05-25,Península Sur,Motul,11,Noviembre,10,742432.18,621587.65,120879.62000000001,0.8372315569618762
B11,2026-05-25,Península Sur,Motul,12,Diciembre,25,1706841.2899999998,1556840.9999999998,147439.93000000002,0.9140256268349356
B11,2026-05-25,Península Sur,Mérida,1,Enero,8,542738.55,515946.10000000003,19072.79,0.9649159065631142
B11,2026-05-25,Península Sur,Mérida,2,Febrero,14,980761.8100000002,788821.9299999999,59175.770000000004,0.9396634642615211
B11,2026-05-25,Península Sur,Mérida,3,Marzo,9,617624.55,260884.0,187903.21000000002,0.6957646680333546
B11,2026-05-25,Península Sur,Mérida,4,Abril,11,815843.1499999999,223745.0,120443.12,0.8523697600451753
B11,2026-05-25,Península Sur,Mérida,5,Mayo,8,591715.31,53443.0,0.0,1.0
B11,2026-05-25,Península Sur,Mérida,12,Diciembre,9,522140.15,471817.14999999997,50417.259999999995,0.9036216617320081
B11,2026-05-25,Península Sur,Playa del Carmen,1,Enero,17,1768980.0599999998,1655130.95,104635.56,0.9408551219056704
B11,2026-05-25,Península Sur,Playa del Carmen,2,Febrero,17,1295791.46,944919.5100000001,180009.19,0.8610910200010117
B11,2026-05-25,Península Sur,Playa del Carmen,3,Marzo,19,1710203.3699999999,951194.48,4666.4,0.9972714356187945
B11,2026-05-25,Península Sur,Playa del Carmen,4,Abril,17,1419681.3800000001,434601.41000000003,38105.53,0.9731590971489672
B11,2026-05-25,Península Sur,Playa del Carmen,5,Mayo,8,782490.6599999999,67656.34,0.0,1.0000000000000002
B11,2026-05-25,Península Sur,Playa del Carmen,11,Noviembre,5,428407.99,396890.5,31528.05,0.9264311340225004
B11,2026-05-25,Península Sur,Playa del Carmen,12,Diciembre,18,1722388.8900000001,1689260.7199999997,33202.78,0.9807661497398532
B11,2026-05-25,Península Sur,Valladolid,1,Enero,17,968783.1399999999,886059.8099999999,77360.8,0.9203233450160992
B11,2026-05-25,Península Sur,Valladolid,2,Febrero,23,1726380.99,1464038.45,72740.84000000001,0.9578698790004632
B11,2026-05-25,Península Sur,Valladolid,3,Marzo,20,1428383.8800000001,767987.0,85747.45,0.9399689038775766
B11,2026-05-25,Península Sur,Valladolid,4,Abril,15,901245.3300000002,266352.0,47642.17,0.9471374015330539
B11,2026-05-25,Península Sur,Valladolid,5,Mayo,21,1386693.53,55552.0,969.07,0.9993011649805562
B11,2026-05-25,Península Sur,Valladolid,11,Noviembre,4,351573.86,351674.07999999996,0.0,1.0002850610110774
B11,2026-05-25,Península Sur,Valladolid,12,Diciembre,19,1342395.83,1287350.55,55225.44,0.9589947474732545
B12,2026-06-08,Bajío Occidente,Fresnillo,1,Enero,22,1741950.84,1432960.59,309010.44,0.8226182720518106
B12,2026-06-08,Bajío Occidente,Fresnillo,2,Febrero,26,2056929.2099999997,1551273.98,370451.01,0.8199012303393757
B12,2026-06-08,Bajío Occidente,Fresnillo,3,Marzo,18,2105961.72,1300806.0,223667.65999999997,0.8937931027540236
B12,2026-06-08,Bajío Occidente,Fresnillo,4,Abril,23,1929980.95,644571.0,567204.0199999999,0.7061090058945919
B12,2026-06-08,Bajío Occidente,Fresnillo,5,Mayo,18,1434535.3599999999,238702.0,5292.4,0.9963107218214545
B12,2026-06-08,Bajío Occidente,Fresnillo,6,Junio,2,198637.22999999998,0.0,0.0,1.0
B12,2026-06-08,Bajío Occidente,Fresnillo,12,Diciembre,11,1302634.5,772913.89,529746.87,0.5933467062326385
B12,2026-06-08,Bajío Occidente,Guadalajara,1,Enero,21,2093055.5799999998,1841974.4100000001,251375.0,0.8800408491780234
B12,2026-06-08,Bajío Occidente,Guadalajara,2,Febrero,19,1910408.3499999999,1260393.28,574152.3200000001,0.699461170173382
B12,2026-06-08,Bajío Occidente,Guadalajara,3,Marzo,23,3636815.86,1761122.0,1289256.57,0.6454985295846131
B12,2026-06-08,Bajío Occidente,Guadalajara,4,Abril,19,1901217.7600000002,732690.0,127261.72,0.9330630490218017
B12,2026-06-08,Bajío Occidente,Guadalajara,5,Mayo,20,1805360.8800000001,357462.0,0.0,1.0
B12,2026-06-08,Bajío Occidente,Guadalajara,12,Diciembre,16,2179284.3499999996,1986367.1199999999,219013.97,0.9114767974174642
B12,2026-06-08,Bajío Occidente,Irapuato,1,Enero,32,2938827.69,2609848.06,317804.61,0.8944392245058778
B12,2026-06-08,Bajío Occidente,Irapuato,2,Febrero,17,1685477.3299999998,1573022.04,58298.45,0.9662506940986268
B12,2026-06-08,Bajío Occidente,Irapuato,3,Marzo,30,2710213.5499999993,1660420.6,330211.3,0.8781604128575037
B12,2026-06-08,Bajío Occidente,Irapuato,4,Abril,27,2642932.2099999995,1002609.16,11045.619999999999,0.995820694924294
B12,2026-06-08,Bajío Occidente,Irapuato,5,Mayo,23,1716713.9500000002,299156.0,0.0,1.0
B12,2026-06-08,Bajío Occidente,Irapuato,6,Junio,5,664724.93,0.0,0.0,1.0
B12,2026-06-08,Bajío Occidente,Irapuato,12,Diciembre,27,2434021.35,2186520.4099999997,247918.03,0.898316035724173
B12,2026-06-08,Bajío Occidente,Morelia,1,Enero,12,949153.3200000001,878615.14,70538.53,0.925683049815387
B12,2026-06-08,Bajío Occidente,Morelia,2,Febrero,18,1743524.16,1328037.98,94886.9,0.9455838340662857
B12,2026-06-08,Bajío Occidente,Morelia,3,Marzo,22,1900446.3199999998,966634.0,327001.58999999997,0.8279343191340444
B12,2026-06-08,Bajío Occidente,Morelia,4,Abril,25,2253249.1999999997,809320.49,194182.78000000003,0.9138209923695969
B12,2026-06-08,Bajío Occidente,Morelia,5,Mayo,21,1827412.8699999999,267419.0,5909.6,0.9967661385683466
B12,2026-06-08,Bajío Occidente,Morelia,6,Junio,2,125161.07,0.0,0.0,1.0
B12,2026-06-08,Bajío Occidente,Morelia,12,Diciembre,13,1484903.74,1433639.56,51605.840000000004,0.9654764287953104
B12,2026-06-08,Centro,Pachuca,1,Enero,7,766533.86,688155.7899999999,56392.729999999996,0.9264506462897802
B12,2026-06-08,Centro,Pachuca,2,Febrero,8,686602.35,604997.9199999999,6268.0,0.9908709895909908
B12,2026-06-08,Centro,Pachuca,3,Marzo,12,913077.9600000002,627438.77,79397.87,0.9130437120615635
B12,2026-06-08,Centro,Pachuca,4,Abril,13,1027653.4900000001,442442.0,45296.16,0.9559227303358838
B12,2026-06-08,Centro,Pachuca,5,Mayo,8,672371.19,105492.0,4889.97,0.9927272761344819
B12,2026-06-08,Centro,Pachuca,6,Junio,4,464317.23,0.0,0.0,1.0
B12,2026-06-08,Centro,Pachuca,12,Diciembre,5,415770.56,346357.91000000003,69421.0,0.83305058924807
B12,2026-06-08,Centro,San Juan del Río,1,Enero,10,965642.3300000001,934166.4700000001,33964.2,0.9674042251233953
B12,2026-06-08,Centro,San Juan del Río,2,Febrero,13,1131927.79,883624.5,220574.38999999998,0.8051892956881993
B12,2026-06-08,Centro,San Juan del Río,3,Marzo,20,1867036.16,1219981.0,136839.73,0.9267075095106888
B12,2026-06-08,Centro,San Juan del Río,4,Abril,13,1214860.8,550617.88,9485.16,0.9921923894490629
B12,2026-06-08,Centro,San Juan del Río,5,Mayo,15,1348805.1300000004,168711.6,0.0,1.0
B12,2026-06-08,Centro,San Juan del Río,6,Junio,3,353323.73,0.0,0.0,1.0
B12,2026-06-08,Centro,San Juan del Río,12,Diciembre,15,1513535.05,1304191.4700000002,209387.78000000003,0.8616856742101877
B12,2026-06-08,Centro,Tequisquiapan,1,Enero,6,410363.43999999994,375952.75,34710.25,0.9161458194229
B12,2026-06-08,Centro,Tequisquiapan,2,Febrero,12,1109136.7600000002,915305.87,103237.86000000002,0.9069309000271525
B12,2026-06-08,Centro,Tequisquiapan,3,Marzo,13,1562757.65,948130.5700000001,213466.72,0.8634038233631427
B12,2026-06-08,Centro,Tequisquiapan,4,Abril,5,403786.24,177684.0,3412.57,0.9915485728290295
B12,2026-06-08,Centro,Tequisquiapan,5,Mayo,10,685515.18,104531.0,0.0,1.0
B12,2026-06-08,Centro,Tequisquiapan,6,Junio,3,307778.66000000003,0.0,0.0,1.0
B12,2026-06-08,Centro,Tequisquiapan,12,Diciembre,7,974469.8700000001,824567.41,149910.45,0.8461702463925335
B12,2026-06-08,Centro,Valle de Toluca,1,Enero,21,1228071.5799999998,1134273.9700000002,84401.4,0.9312847790191517
B12,2026-06-08,Centro,Valle de Toluca,2,Febrero,29,2361501.89,2026716.96,178889.92000000004,0.9242502787071664
B12,2026-06-08,Centro,Valle de Toluca,3,Marzo,30,2690220.36,1663875.0,244468.69999999998,0.909126886542484
B12,2026-06-08,Centro,Valle de Toluca,4,Abril,25,1670091.4899999998,747523.96,41062.33,0.9754131254210511
B12,2026-06-08,Centro,Valle de Toluca,5,Mayo,25,1509139.18,272127.0,0.0,1.0
B12,2026-06-08,Centro,Valle de Toluca,6,Junio,5,350865.07,3342.0,0.0,1.0
B12,2026-06-08,Centro,Valle de Toluca,12,Diciembre,18,1644561.61,1594117.2100000002,50483.17,0.969326536814878
B12,2026-06-08,Centro,Zinacantepec,1,Enero,24,2078357.8800000001,1713668.8399999999,355641.47,0.8291346387370013
B12,2026-06-08,Centro,Zinacantepec,2,Febrero,24,1966248.45,1530880.9500000002,255056.0,0.8702837731416903
B12,2026-06-08,Centro,Zinacantepec,3,Marzo,28,2531079.35,1618465.23,206692.08999999997,0.9183429432980836
B12,2026-06-08,Centro,Zinacantepec,4,Abril,28,2362012.19,869467.0,103125.92,0.9563398019550443
B12,2026-06-08,Centro,Zinacantepec,5,Mayo,21,1631395.67,302280.0,96799.68,0.9406644986375378
B12,2026-06-08,Centro,Zinacantepec,6,Junio,5,592569.18,4337.0,0.0,1.0
B12,2026-06-08,Centro,Zinacantepec,12,Diciembre,23,2254589.1599999997,2066351.9399999995,188317.84000000003,0.9165093031849756
B12,2026-06-08,Suc. Digital,Salamanca,1,Enero,33,4274367.51,3938202.06,290370.08,0.9320675937853553
B12,2026-06-08,Suc. Digital,Salamanca,2,Febrero,40,5219277.66,3978363.67,325225.32999999996,0.9376877144336483
B12,2026-06-08,Suc. Digital,Salamanca,3,Marzo,39,5784739.500000001,3311915.91,13335.35,0.997694736297114
B12,2026-06-08,Suc. Digital,Salamanca,4,Abril,44,5704020.62,2117955.11,0.0,0.9999999999999999
B12,2026-06-08,Suc. Digital,Salamanca,5,Mayo,46,6113984.2299999995,956186.0,0.0,1.0
B12,2026-06-08,Suc. Digital,Salamanca,6,Junio,11,1282803.32,141237.0,5980.0,0.99533833448451
B12,2026-06-08,Suc. Digital,Salamanca,12,Diciembre,36,4141182.65,3869990.56,271217.81,0.9345133714399195
B12,2026-06-08,Península Sur,Cancún,1,Enero,20,1766781.62,1595960.88,171209.93,0.9033153061667009
B12,2026-06-08,Península Sur,Cancún,2,Febrero,35,3096003.7199999997,2546384.71,428308.93,0.861663441412144
B12,2026-06-08,Península Sur,Cancún,3,Marzo,35,2980895.85,1800404.31,420279.3,0.8590090626614815
B12,2026-06-08,Península Sur,Cancún,4,Abril,32,2635561.16,1067778.0,118547.54,0.9550200003706232
B12,2026-06-08,Península Sur,Cancún,5,Mayo,35,3195453.1999999997,488588.0,59910.64,0.9812512854201714
B12,2026-06-08,Península Sur,Cancún,6,Junio,14,1292409.5999999999,6087.0,0.0,1.0
B12,2026-06-08,Península Sur,Cancún,12,Diciembre,33,3117322.3800000004,2842002.92,275754.02,0.9116807867654675
B12,2026-06-08,Península Sur,Cozumel,1,Enero,17,1692771.0999999999,1520758.5299999998,160689.66999999998,0.905075033476174
B12,2026-06-08,Península Sur,Cozumel,2,Febrero,17,1547970.89,1297080.71,194746.41999999998,0.8742074471439188
B12,2026-06-08,Península Sur,Cozumel,3,Marzo,19,1392582.3000000003,858829.0,153261.65,0.8899442783381635
B12,2026-06-08,Península Sur,Cozumel,4,Abril,22,2011101.9899999998,777738.0,5901.960000000001,0.9970653104470353
B12,2026-06-08,Península Sur,Cozumel,5,Mayo,16,1288768.9500000002,249505.0,0.0,1.0
B12,2026-06-08,Península Sur,Cozumel,6,Junio,6,362596.89999999997,762.0,0.0,1.0
B12,2026-06-08,Península Sur,Cozumel,12,Diciembre,13,1185568.1300000001,1162909.9000000001,22682.33,0.9808882936149776
B12,2026-06-08,Península Sur,Motul,1,Enero,15,1008371.5500000002,971588.6200000001,36434.76,0.9638978608628932
B12,2026-06-08,Península Sur,Motul,2,Febrero,17,1284450.78,1037067.92,81232.65,0.9367587366796571
B12,2026-06-08,Península Sur,Motul,3,Marzo,23,1619630.7200000002,933027.0,150820.08,0.9068799584142242
B12,2026-06-08,Península Sur,Motul,4,Abril,32,2155495.46,801683.4,11352.890000000001,0.9947330485214754
B12,2026-06-08,Península Sur,Motul,5,Mayo,20,1362424.97,167337.67,0.0,1.0000000000000002
B12,2026-06-08,Península Sur,Motul,6,Junio,8,599716.13,0.0,0.0,1.0
B12,2026-06-08,Península Sur,Motul,12,Diciembre,23,1623313.0199999998,1494149.6699999997,129858.27,0.9204322589613677
B12,2026-06-08,Península Sur,Mérida,1,Enero,8,542738.55,525427.8500000001,17342.0,0.9681049006008511
B12,2026-06-08,Península Sur,Mérida,2,Febrero,14,980761.8100000002,916161.3200000002,46329.03999999999,0.952794104003703
B12,2026-06-08,Península Sur,Mérida,3,Marzo,9,617624.55,307701.0,199477.93,0.6770239622113468
B12,2026-06-08,Península Sur,Mérida,4,Abril,11,815843.1499999999,303539.0,158088.47999999998,0.8062268709371406
B12,2026-06-08,Península Sur,Mérida,5,Mayo,12,868423.25,133584.0,3135.62,0.9963892951967833
B12,2026-06-08,Península Sur,Mérida,6,Junio,3,299255.04000000004,0.0,0.0,1.0
B12,2026-06-08,Península Sur,Mérida,12,Diciembre,7,417595.19,410977.39,6712.06,0.9841525952442125
B12,2026-06-08,Península Sur,Playa del Carmen,1,Enero,17,1768980.0599999998,1673493.68,95500.5,0.9460217883970948
B12,2026-06-08,Península Sur,Playa del Carmen,2,Febrero,17,1295791.46,1041701.42,178116.82,0.8625514170312559
B12,2026-06-08,Península Sur,Playa del Carmen,3,Marzo,19,1710203.3699999999,1149758.49,51112.21,0.9701133731247414
B12,2026-06-08,Península Sur,Playa del Carmen,4,Abril,17,1419681.3800000001,595754.41,47355.77,0.9666433816297568
B12,2026-06-08,Península Sur,Playa del Carmen,5,Mayo,13,1112814.18,186234.51,0.0,1.0000000000000002
B12,2026-06-08,Península Sur,Playa del Carmen,6,Junio,1,63513.6,0.0,0.0,1.0
B12,2026-06-08,Península Sur,Playa del Carmen,12,Diciembre,16,1483881.69,1450751.76,33202.78,0.9776734693720764
B12,2026-06-08,Península Sur,Valladolid,1,Enero,17,968783.1399999999,894639.74,74315.8,0.9234674955222694
B12,2026-06-08,Península Sur,Valladolid,2,Febrero,23,1726380.99,1594614.1099999999,79625.70999999999,0.9538818427327562
B12,2026-06-08,Península Sur,Valladolid,3,Marzo,20,1428383.8800000001,910217.0,150153.59,0.8948786862534459
B12,2026-06-08,Península Sur,Valladolid,4,Abril,15,901245.3300000002,357177.0,83569.59999999998,0.90727319496901
B12,2026-06-08,Península Sur,Valladolid,5,Mayo,22,1440551.66,214123.0,9321.69,0.9935290831569346
B12,2026-06-08,Península Sur,Valladolid,6,Junio,4,341577.81,0.0,0.0,1.0
B12,2026-06-08,Península Sur,Valladolid,12,Diciembre,16,1080298.13,1025235.1499999999,55225.44,0.9490298293860788
Hoy,2026-06-16,Bajío Occidente,Fresnillo,1,Enero,22,1741950.84,1433960.59,308010.44,0.8231923410651474
Hoy,2026-06-16,Bajío Occidente,Fresnillo,2,Febrero,26,2056929.2099999997,1624980.99,394611.81999999995,0.8081551722433852
Hoy,2026-06-16,Bajío Occidente,Fresnillo,3,Marzo,18,2105961.72,1433460.0,252761.14,0.8799782837458222
Hoy,2026-06-16,Bajío Occidente,Fresnillo,4,Abril,23,1929980.95,715097.0,689905.49,0.6425324871729953
Hoy,2026-06-16,Bajío Occidente,Fresnillo,5,Mayo,18,1434535.3599999999,328192.0,9811.77,0.9931603149886804
Hoy,2026-06-16,Bajío Occidente,Fresnillo,6,Junio,10,744722.9999999999,24646.0,0.0,1.0
Hoy,2026-06-16,Bajío Occidente,Fresnillo,12,Diciembre,7,730693.7000000001,387296.72,343410.62,0.5300397690578145
Hoy,2026-06-16,Bajío Occidente,Guadalajara,1,Enero,21,2093055.5799999998,1841974.4100000001,251375.0,0.8800408491780234
Hoy,2026-06-16,Bajío Occidente,Guadalajara,2,Febrero,19,1910408.3499999999,1285494.67,591872.92,0.6901853522572805
Hoy,2026-06-16,Bajío Occidente,Guadalajara,3,Marzo,23,3636815.86,1906327.53,1318420.7799999998,0.6374796440752434
Hoy,2026-06-16,Bajío Occidente,Guadalajara,4,Abril,19,1901217.7600000002,867216.0,117761.11,0.9380601672898319
Hoy,2026-06-16,Bajío Occidente,Guadalajara,5,Mayo,20,1805360.8800000001,498212.0,0.0,1.0
Hoy,2026-06-16,Bajío Occidente,Guadalajara,6,Junio,4,404839.36,16394.0,0.0,1.0
Hoy,2026-06-16,Bajío Occidente,Guadalajara,12,Diciembre,11,1651143.2899999998,1536007.05,141213.19999999998,0.9302687775813814
Hoy,2026-06-16,Bajío Occidente,Irapuato,1,Enero,32,2938827.69,2620807.06,325600.31,0.8917865681332273
Hoy,2026-06-16,Bajío Occidente,Irapuato,2,Febrero,17,1685477.3299999998,1608378.57,68941.85,0.959935925094881
Hoy,2026-06-16,Bajío Occidente,Irapuato,3,Marzo,30,2710213.5499999993,1812712.46,326903.42,0.8793809366055307
Hoy,2026-06-16,Bajío Occidente,Irapuato,4,Abril,27,2642932.2099999995,1174240.1600000001,85234.48000000001,0.9677500316968026
Hoy,2026-06-16,Bajío Occidente,Irapuato,5,Mayo,23,1716713.9500000002,422966.0,0.0,0.9999999999999999
Hoy,2026-06-16,Bajío Occidente,Irapuato,6,Junio,12,1183412.39,48379.0,0.0,1.0
Hoy,2026-06-16,Bajío Occidente,Irapuato,12,Diciembre,18,1695716.3900000001,1490419.6,205661.76,0.8789321190673872
Hoy,2026-06-16,Bajío Occidente,Morelia,1,Enero,12,949153.3200000001,896376.14,52778.200000000004,0.9443955166273874
Hoy,2026-06-16,Bajío Occidente,Morelia,2,Febrero,18,1743524.16,1408577.42,135072.61,0.9225407521740335
Hoy,2026-06-16,Bajío Occidente,Morelia,3,Marzo,22,1900446.3199999998,1055631.3900000001,430924.88,0.7732508014222681
Hoy,2026-06-16,Bajío Occidente,Morelia,4,Abril,25,2253249.1999999997,913687.49,411308.47,0.817459839772716
Hoy,2026-06-16,Bajío Occidente,Morelia,5,Mayo,21,1827412.8699999999,377699.58,5909.4,0.9967662480126892
Hoy,2026-06-16,Bajío Occidente,Morelia,6,Junio,5,353725.3400000001,7824.0,0.0,1.0
Hoy,2026-06-16,Bajío Occidente,Morelia,12,Diciembre,9,976684.9400000001,939423.56,37897.44,0.9618491301811206
Hoy,2026-06-16,Centro,Pachuca,1,Enero,7,766533.86,710155.7899999999,56392.729999999996,0.9264506462897802
Hoy,2026-06-16,Centro,Pachuca,2,Febrero,8,686602.35,628851.85,28225.0,0.9588919263093113
Hoy,2026-06-16,Centro,Pachuca,3,Marzo,12,913077.9600000002,683969.7,86756.33,0.9049869410931788
Hoy,2026-06-16,Centro,Pachuca,4,Abril,13,1027653.4900000001,500017.0,92630.73,0.9098619029649769
Hoy,2026-06-16,Centro,Pachuca,5,Mayo,8,672371.19,160994.0,0.0,1.0000000000000002
Hoy,2026-06-16,Centro,Pachuca,6,Junio,7,800730.29,40542.0,0.0,1.0
Hoy,2026-06-16,Centro,Pachuca,12,Diciembre,5,415770.56,346357.91000000003,69421.0,0.83305058924807
Hoy,2026-06-16,Centro,San Juan del Río,1,Enero,10,965642.3300000001,934166.4700000001,33964.2,0.9674042251233953
Hoy,2026-06-16,Centro,San Juan del Río,2,Febrero,13,1131927.79,918329.69,206640.56,0.8179917289600247
Hoy,2026-06-16,Centro,San Juan del Río,3,Marzo,20,1867036.16,1336622.13,160902.74,0.9138191624526435
Hoy,2026-06-16,Centro,San Juan del Río,4,Abril,13,1214860.8,638364.88,12794.64,0.9894682254954642
Hoy,2026-06-16,Centro,San Juan del Río,5,Mayo,15,1348805.1300000004,243977.6,6458.27,0.9952118583653369
Hoy,2026-06-16,Centro,San Juan del Río,6,Junio,8,783764.69,45895.0,0.0,1.0
Hoy,2026-06-16,Centro,San Juan del Río,12,Diciembre,11,1098396.38,915779.1599999999,182640.41999999998,0.8337419684504058
Hoy,2026-06-16,Centro,Tequisquiapan,1,Enero,6,410363.43999999994,377982.75,32680.25,0.9210926538679958
Hoy,2026-06-16,Centro,Tequisquiapan,2,Febrero,12,1109136.7600000002,1000657.89,92080.13999999998,0.9169914447700749
Hoy,2026-06-16,Centro,Tequisquiapan,3,Marzo,13,1562757.65,1038219.5700000001,213112.43,0.8636305315798647
Hoy,2026-06-16,Centro,Tequisquiapan,4,Abril,5,403786.24,203240.0,3094.68,0.9923358458178267
Hoy,2026-06-16,Centro,Tequisquiapan,5,Mayo,10,685515.18,157787.0,0.0,1.0
Hoy,2026-06-16,Centro,Tequisquiapan,6,Junio,5,613807.4600000001,22413.0,0.0,1.0
Hoy,2026-06-16,Centro,Tequisquiapan,12,Diciembre,5,595785.82,445875.88999999996,149910.45,0.7483828500651459
Hoy,2026-06-16,Centro,Valle de Toluca,1,Enero,21,1228071.5799999998,1134273.9700000002,93811.79999999999,0.9236220334974289
Hoy,2026-06-16,Centro,Valle de Toluca,2,Febrero,29,2361501.89,2104794.3,197818.36,0.9162402575930185
Hoy,2026-06-16,Centro,Valle de Toluca,3,Marzo,30,2690220.36,1870440.0,280748.07,0.8956413369795477
Hoy,2026-06-16,Centro,Valle de Toluca,4,Abril,25,1670091.4899999998,861548.2799999999,51615.82000000001,0.969094016520017
Hoy,2026-06-16,Centro,Valle de Toluca,5,Mayo,25,1509139.18,380614.0,1762.72,0.998831969891604
Hoy,2026-06-16,Centro,Valle de Toluca,6,Junio,12,819666.8800000001,28440.0,0.0,1.0
Hoy,2026-06-16,Centro,Valle de Toluca,12,Diciembre,9,1009626.4500000001,1009651.0599999999,0.0,1.0000243753518936
Hoy,2026-06-16,Centro,Zinacantepec,1,Enero,24,2078357.8800000001,1713668.8399999999,365211.14,0.8245302007371318
Hoy,2026-06-16,Centro,Zinacantepec,2,Febrero,24,1966248.45,1585922.9100000001,250933.32,0.8723804969814472
Hoy,2026-06-16,Centro,Zinacantepec,3,Marzo,28,2531079.35,1762264.24,229226.53,0.9094398482607826
Hoy,2026-06-16,Centro,Zinacantepec,4,Abril,28,2362012.19,1006896.0,161089.3,0.931799970939185
Hoy,2026-06-16,Centro,Zinacantepec,5,Mayo,21,1631395.67,413293.0,98643.76,0.9395341290810217
Hoy,2026-06-16,Centro,Zinacantepec,6,Junio,7,710379.84,45873.0,0.0,1.0
Hoy,2026-06-16,Centro,Zinacantepec,12,Diciembre,14,1398588.68,1323442.8199999998,75192.0,0.9462702214921401
Hoy,2026-06-16,Suc. Digital,Salamanca,1,Enero,33,4274367.51,3977615.53,282435.66000000003,0.9339238731018709
Hoy,2026-06-16,Suc. Digital,Salamanca,2,Febrero,40,5219277.66,4232761.68,388730.28,0.9255204464443073
Hoy,2026-06-16,Suc. Digital,Salamanca,3,Marzo,39,5784739.500000001,3664368.63,78983.76,0.9863461855110328
Hoy,2026-06-16,Suc. Digital,Salamanca,4,Abril,44,5704020.62,2460555.71,5343.32,0.999063236205482
Hoy,2026-06-16,Suc. Digital,Salamanca,5,Mayo,46,6113984.2299999995,1286628.7599999998,1675.24,0.9997259986390249
Hoy,2026-06-16,Suc. Digital,Salamanca,6,Junio,23,2657413.83,243565.77000000002,23929.0,0.9909953806479588
Hoy,2026-06-16,Suc. Digital,Salamanca,12,Diciembre,27,2815412.76,2607125.4000000004,208289.81,0.9260188903882074
Hoy,2026-06-16,Península Sur,Cancún,1,Enero,20,1766781.62,1595960.88,171209.93,0.9033153061667009
Hoy,2026-06-16,Península Sur,Cancún,2,Febrero,35,3096003.7199999997,2617475.8200000003,438531.83999999997,0.8583614718654152
Hoy,2026-06-16,Península Sur,Cancún,3,Marzo,35,2980895.85,1917486.31,483767.38999999996,0.8377107371933172
Hoy,2026-06-16,Península Sur,Cancún,4,Abril,32,2635561.16,1232148.0,182251.59999999998,0.9308490340630152
Hoy,2026-06-16,Península Sur,Cancún,5,Mayo,35,3195453.1999999997,709781.0,72828.76,0.9772086288104611
Hoy,2026-06-16,Península Sur,Cancún,6,Junio,22,2074308.7999999996,110633.0,0.0,0.9999999999999999
Hoy,2026-06-16,Península Sur,Cancún,12,Diciembre,23,2190114.49,2031990.07,158523.3,0.9278008429595842
Hoy,2026-06-16,Península Sur,Cozumel,1,Enero,17,1692771.0999999999,1527131.73,158564.47,0.9063304896923159
Hoy,2026-06-16,Península Sur,Cozumel,2,Febrero,17,1547970.89,1369966.5099999998,155068.76,0.8998399834250113
Hoy,2026-06-16,Península Sur,Cozumel,3,Marzo,19,1392582.3000000003,942585.0,154096.6,0.8893447087471955
Hoy,2026-06-16,Península Sur,Cozumel,4,Abril,22,2011101.9899999998,907840.0,8929.23,0.9955600312443629
Hoy,2026-06-16,Península Sur,Cozumel,5,Mayo,16,1288768.9500000002,345483.0,5341.5,0.9958553470736551
Hoy,2026-06-16,Península Sur,Cozumel,6,Junio,10,763069.2800000001,25219.0,644.93,0.9991548211716765
Hoy,2026-06-16,Península Sur,Cozumel,12,Diciembre,11,808513.3899999999,785854.3200000001,22682.33,0.9719744035407999
Hoy,2026-06-16,Península Sur,Motul,1,Enero,15,1008371.5500000002,971588.6200000001,36813.32,0.9635224436865558
Hoy,2026-06-16,Península Sur,Motul,2,Febrero,17,1284450.78,1072701.77,105620.24,0.917771952304782
Hoy,2026-06-16,Península Sur,Motul,3,Marzo,23,1619630.7200000002,1028294.03,171141.97,0.8943330921754805
Hoy,2026-06-16,Península Sur,Motul,4,Abril,32,2155495.46,942621.4,92857.64000000001,0.9569205123725939
Hoy,2026-06-16,Península Sur,Motul,5,Mayo,20,1362424.97,285800.47,5306.9400000000005,0.9961047836637933
Hoy,2026-06-16,Península Sur,Motul,6,Junio,14,1006984.4,40324.0,0.0,1.0
Hoy,2026-06-16,Península Sur,Motul,12,Diciembre,18,1315407.4699999997,1200412.7,115032.59,0.9125785943727385
Hoy,2026-06-16,Península Sur,Mérida,1,Enero,8,542738.55,525427.8500000001,17342.0,0.9681049006008511
Hoy,2026-06-16,Península Sur,Mérida,2,Febrero,14,980761.8100000002,932283.4700000001,48513.44,0.9505707303183023
Hoy,2026-06-16,Península Sur,Mérida,3,Marzo,9,617624.55,338883.0,194666.03000000003,0.6848149413749826
Hoy,2026-06-16,Península Sur,Mérida,4,Abril,11,815843.1499999999,341707.0,157895.30999999997,0.806463644390469
Hoy,2026-06-16,Península Sur,Mérida,5,Mayo,12,868423.25,176255.0,106790.94,0.8770289256995365
Hoy,2026-06-16,Península Sur,Mérida,6,Junio,5,406250.76999999996,18705.0,0.0,1.0
Hoy,2026-06-16,Península Sur,Mérida,12,Diciembre,4,225377.27,218931.74,6448.0,0.9714011532751284
Hoy,2026-06-16,Península Sur,Playa del Carmen,1,Enero,17,1768980.0599999998,1673493.68,95500.5,0.9460217883970948
Hoy,2026-06-16,Península Sur,Playa del Carmen,2,Febrero,17,1295791.46,1098612.43,177272.16,0.8632039911730859
Hoy,2026-06-16,Península Sur,Playa del Carmen,3,Marzo,19,1710203.3699999999,1298553.1,58025.0,0.9660712807506632
Hoy,2026-06-16,Península Sur,Playa del Carmen,4,Abril,17,1419681.3800000001,660717.41,206851.32,0.8542973635394161
Hoy,2026-06-16,Península Sur,Playa del Carmen,5,Mayo,13,1112814.18,250866.50999999998,12779.19,0.9885163307318748
Hoy,2026-06-16,Península Sur,Playa del Carmen,6,Junio,6,505821.75999999995,0.0,3969.6,0.9921521762922971
Hoy,2026-06-16,Península Sur,Playa del Carmen,12,Diciembre,12,1090528.4200000002,1057354.74,33202.78,0.9695801783872812
Hoy,2026-06-16,Península Sur,Valladolid,1,Enero,17,968783.1399999999,894639.74,74315.8,0.9234674955222694
Hoy,2026-06-16,Península Sur,Valladolid,2,Febrero,23,1726380.99,1628855.7099999997,94699.37,0.9452362598130785
Hoy,2026-06-16,Península Sur,Valladolid,3,Marzo,20,1428383.8800000001,1027031.8999999999,162087.82,0.8865236283680265
Hoy,2026-06-16,Península Sur,Valladolid,4,Abril,15,901245.3300000002,410247.0,132514.58000000002,0.8529650300656757
Hoy,2026-06-16,Península Sur,Valladolid,5,Mayo,22,1440551.66,323267.0,9344.55,0.9935132142362739
Hoy,2026-06-16,Península Sur,Valladolid,6,Junio,10,716996.04,26201.0,0.0,1.0
Hoy,2026-06-16,Península Sur,Valladolid,12,Diciembre,11,769283.31,726460.62,42984.44,0.9443343051339566
